"","county","distcode","district","schoolcode","school","cohort","gradrate"
"1","ADAMS","0010","MAPLETON 1","0187","Mapleton Expeditionary School Of The Arts","20162017","0.73913043478260798"
"2","ADAMS","0010","MAPLETON 1","0187","Mapleton Expeditionary School Of The Arts","20152016","0.84057971014492705"
"3","ADAMS","0010","MAPLETON 1","0187","Mapleton Expeditionary School Of The Arts","20142015","0.88888888888888795"
"4","ADAMS","0010","MAPLETON 1","0187","Mapleton Expeditionary School Of The Arts","20132014","0.76056338028169002"
"5","ADAMS","0010","MAPLETON 1","0212","Mapleton Early College High School","20162017","0.80645161290322498"
"6","ADAMS","0010","MAPLETON 1","0212","Mapleton Early College High School","20152016","0.96666666666666601"
"7","ADAMS","0010","MAPLETON 1","0212","Mapleton Early College High School","20142015","0.92156862745098"
"8","ADAMS","0010","MAPLETON 1","0212","Mapleton Early College High School","20132014","0.96774193548387"
"9","ADAMS","0010","MAPLETON 1","0263","Global Leadership Academy","20162017","0.659574468085106"
"10","ADAMS","0010","MAPLETON 1","0263","Global Leadership Academy","20152016","0.84848484848484795"
"11","ADAMS","0010","MAPLETON 1","0263","Global Leadership Academy","20142015","0.83333333333333304"
"12","ADAMS","0010","MAPLETON 1","0263","Global Leadership Academy","20132014","0.66666666666666596"
"13","ADAMS","0010","MAPLETON 1","0309","Academy High School","20162017","0.80769230769230704"
"14","ADAMS","0010","MAPLETON 1","0309","Academy High School","20152016","0.87654320987654299"
"15","ADAMS","0010","MAPLETON 1","0309","Academy High School","20142015","0.87931034482758597"
"16","ADAMS","0010","MAPLETON 1","0309","Academy High School","20132014","0.8"
"17","ADAMS","0010","MAPLETON 1","0503","York International","20162017","0.83783783783783705"
"18","ADAMS","0010","MAPLETON 1","0503","York International","20152016","0.86666666666666603"
"19","ADAMS","0010","MAPLETON 1","0503","York International","20142015","0.85"
"20","ADAMS","0010","MAPLETON 1","0503","York International","20132014","0.88372093023255804"
"21","ADAMS","0010","MAPLETON 1","1796","Colorado Connections Academy","20162017","0.472622478386167"
"22","ADAMS","0010","MAPLETON 1","1796","Colorado Connections Academy","20152016","0.60927152317880695"
"23","ADAMS","0010","MAPLETON 1","1796","Colorado Connections Academy","20142015","0.56652360515021405"
"24","ADAMS","0010","MAPLETON 1","1796","Colorado Connections Academy","20132014","0.56310679611650405"
"25","ADAMS","0010","MAPLETON 1","6315","North Valley School For Young Adults","20162017","0.16666666666666599"
"26","ADAMS","0010","MAPLETON 1","6315","North Valley School For Young Adults","20152016","0.45454545454545398"
"27","ADAMS","0010","MAPLETON 1","6315","North Valley School For Young Adults","20142015","0.677966101694915"
"28","ADAMS","0010","MAPLETON 1","6315","North Valley School For Young Adults","20132014","0.68421052631578905"
"29","ADAMS","0010","MAPLETON 1","9998","DISTRICT TOTAL","20162017","0.59039548022598798"
"30","ADAMS","0010","MAPLETON 1","9998","DISTRICT TOTAL","20152016","0.71782945736434101"
"31","ADAMS","0010","MAPLETON 1","9998","DISTRICT TOTAL","20142015","0.72253258845437596"
"32","ADAMS","0010","MAPLETON 1","9998","DISTRICT TOTAL","20132014","0.69573643410852704"
"33","ADAMS","0020","ADAMS 12 FIVE STAR SCHOOLS","0015","Academy Of Charter Schools","20162017","0"
"34","ADAMS","0020","ADAMS 12 FIVE STAR SCHOOLS","0015","Academy Of Charter Schools","20152016","0"
"35","ADAMS","0020","ADAMS 12 FIVE STAR SCHOOLS","0015","Academy Of Charter Schools","20142015","0"
"36","ADAMS","0020","ADAMS 12 FIVE STAR SCHOOLS","0015","Academy Of Charter Schools","20132014","0.96842105263157796"
"37","ADAMS","0020","ADAMS 12 FIVE STAR SCHOOLS","0210","Vantage Point","20162017","0.42753623188405698"
"38","ADAMS","0020","ADAMS 12 FIVE STAR SCHOOLS","0210","Vantage Point","20152016","0.51190476190476097"
"39","ADAMS","0020","ADAMS 12 FIVE STAR SCHOOLS","0210","Vantage Point","20142015","0.51612903225806395"
"40","ADAMS","0020","ADAMS 12 FIVE STAR SCHOOLS","0210","Vantage Point","20132014","0.58955223880596996"
"41","ADAMS","0020","ADAMS 12 FIVE STAR SCHOOLS","1752","Colorado Virtual Academy (Cova)","20162017","0"
"42","ADAMS","0020","ADAMS 12 FIVE STAR SCHOOLS","1752","Colorado Virtual Academy (Cova)","20152016","0"
"43","ADAMS","0020","ADAMS 12 FIVE STAR SCHOOLS","1752","Colorado Virtual Academy (Cova)","20142015","4.22535211267605E-2"
"44","ADAMS","0020","ADAMS 12 FIVE STAR SCHOOLS","1752","Colorado Virtual Academy (Cova)","20132014","0.383458646616541"
"45","ADAMS","0020","ADAMS 12 FIVE STAR SCHOOLS","4108","Horizon High School","20162017","0.955916473317865"
"46","ADAMS","0020","ADAMS 12 FIVE STAR SCHOOLS","4108","Horizon High School","20152016","0.96781609195402196"
"47","ADAMS","0020","ADAMS 12 FIVE STAR SCHOOLS","4108","Horizon High School","20142015","0.96766743648960696"
"48","ADAMS","0020","ADAMS 12 FIVE STAR SCHOOLS","4108","Horizon High School","20132014","0.95897435897435801"
"49","ADAMS","0020","ADAMS 12 FIVE STAR SCHOOLS","5043","Legacy High School","20162017","0.92870201096892102"
"50","ADAMS","0020","ADAMS 12 FIVE STAR SCHOOLS","5043","Legacy High School","20152016","0.95723014256619099"
"51","ADAMS","0020","ADAMS 12 FIVE STAR SCHOOLS","5043","Legacy High School","20142015","0.96951219512195097"
"52","ADAMS","0020","ADAMS 12 FIVE STAR SCHOOLS","5043","Legacy High School","20132014","0.96509240246406502"
"53","ADAMS","0020","ADAMS 12 FIVE STAR SCHOOLS","5816","Thornton High School","20162017","0.83458646616541299"
"54","ADAMS","0020","ADAMS 12 FIVE STAR SCHOOLS","5816","Thornton High School","20152016","0.84552845528455201"
"55","ADAMS","0020","ADAMS 12 FIVE STAR SCHOOLS","5816","Thornton High School","20142015","0.839243498817966"
"56","ADAMS","0020","ADAMS 12 FIVE STAR SCHOOLS","5816","Thornton High School","20132014","0.84409799554565701"
"57","ADAMS","0020","ADAMS 12 FIVE STAR SCHOOLS","6060","Mountain Range High School","20162017","0.89592760180995401"
"58","ADAMS","0020","ADAMS 12 FIVE STAR SCHOOLS","6060","Mountain Range High School","20152016","0.93693693693693603"
"59","ADAMS","0020","ADAMS 12 FIVE STAR SCHOOLS","6060","Mountain Range High School","20142015","0.93144208037825005"
"60","ADAMS","0020","ADAMS 12 FIVE STAR SCHOOLS","6060","Mountain Range High School","20132014","0.93317422434367503"
"61","ADAMS","0020","ADAMS 12 FIVE STAR SCHOOLS","6402","Northglenn High School","20162017","0.89775561097256795"
"62","ADAMS","0020","ADAMS 12 FIVE STAR SCHOOLS","6402","Northglenn High School","20152016","0.870588235294117"
"63","ADAMS","0020","ADAMS 12 FIVE STAR SCHOOLS","6402","Northglenn High School","20142015","0.89552238805970097"
"64","ADAMS","0020","ADAMS 12 FIVE STAR SCHOOLS","6402","Northglenn High School","20132014","0.87202380952380898"
"65","ADAMS","0020","ADAMS 12 FIVE STAR SCHOOLS","6956","Pathways Future Center","20162017","0.58585858585858497"
"66","ADAMS","0020","ADAMS 12 FIVE STAR SCHOOLS","6956","Pathways Future Center","20152016","0.74132492113564596"
"67","ADAMS","0020","ADAMS 12 FIVE STAR SCHOOLS","6956","Pathways Future Center","20142015","0.72815533980582503"
"68","ADAMS","0020","ADAMS 12 FIVE STAR SCHOOLS","6956","Pathways Future Center","20132014","0.66339869281045705"
"69","ADAMS","0020","ADAMS 12 FIVE STAR SCHOOLS","9431","Westgate Charter","20162017","0.86363636363636298"
"70","ADAMS","0020","ADAMS 12 FIVE STAR SCHOOLS","9431","Westgate Charter","20152016","1"
"71","ADAMS","0020","ADAMS 12 FIVE STAR SCHOOLS","9431","Westgate Charter","20142015","0"
"72","ADAMS","0020","ADAMS 12 FIVE STAR SCHOOLS","9431","Westgate Charter","20132014","0"
"73","ADAMS","0020","ADAMS 12 FIVE STAR SCHOOLS","9998","DISTRICT TOTAL","20162017","0.83555062823355497"
"74","ADAMS","0020","ADAMS 12 FIVE STAR SCHOOLS","9998","DISTRICT TOTAL","20152016","0.85889101338432094"
"75","ADAMS","0020","ADAMS 12 FIVE STAR SCHOOLS","9998","DISTRICT TOTAL","20142015","0.856759862121792"
"76","ADAMS","0020","ADAMS 12 FIVE STAR SCHOOLS","9998","DISTRICT TOTAL","20132014","0.82685634975711297"
"77","ADAMS","0030","ADAMS COUNTY 14","0022","Lester R Arnold High School","20162017","0.42142857142857099"
"78","ADAMS","0030","ADAMS COUNTY 14","0022","Lester R Arnold High School","20152016","0.44871794871794801"
"79","ADAMS","0030","ADAMS COUNTY 14","0022","Lester R Arnold High School","20142015","0.56115107913669005"
"80","ADAMS","0030","ADAMS COUNTY 14","0022","Lester R Arnold High School","20132014","0.47482014388489202"
"81","ADAMS","0030","ADAMS COUNTY 14","0024","Adams City High School","20162017","0.74278215223097099"
"82","ADAMS","0030","ADAMS COUNTY 14","0024","Adams City High School","20152016","0.83507853403141297"
"83","ADAMS","0030","ADAMS COUNTY 14","0024","Adams City High School","20142015","0.81791907514450801"
"84","ADAMS","0030","ADAMS COUNTY 14","0024","Adams City High School","20132014","0.860869565217391"
"85","ADAMS","0030","ADAMS COUNTY 14","9998","DISTRICT TOTAL","20162017","0.656429942418426"
"86","ADAMS","0030","ADAMS COUNTY 14","9998","DISTRICT TOTAL","20152016","0.72304832713754597"
"87","ADAMS","0030","ADAMS COUNTY 14","9998","DISTRICT TOTAL","20142015","0.74432989690721596"
"88","ADAMS","0030","ADAMS COUNTY 14","9998","DISTRICT TOTAL","20132014","0.75"
"89","ADAMS","0040","SCHOOL DISTRICT 27J","1021","Brighton Heritage Academy","20162017","0.14285714285714199"
"90","ADAMS","0040","SCHOOL DISTRICT 27J","1021","Brighton Heritage Academy","20152016","0.38333333333333303"
"91","ADAMS","0040","SCHOOL DISTRICT 27J","1021","Brighton Heritage Academy","20142015","0.373493975903614"
"92","ADAMS","0040","SCHOOL DISTRICT 27J","1021","Brighton Heritage Academy","20132014","0.5"
"93","ADAMS","0040","SCHOOL DISTRICT 27J","1022","Brighton High School","20162017","0.80974477958236601"
"94","ADAMS","0040","SCHOOL DISTRICT 27J","1022","Brighton High School","20152016","0.85071090047393305"
"95","ADAMS","0040","SCHOOL DISTRICT 27J","1022","Brighton High School","20142015","0.84886649874055398"
"96","ADAMS","0040","SCHOOL DISTRICT 27J","1022","Brighton High School","20132014","0.88105726872246604"
"97","ADAMS","0040","SCHOOL DISTRICT 27J","1560","Bolt Academy","20162017","0.75"
"98","ADAMS","0040","SCHOOL DISTRICT 27J","1560","Bolt Academy","20152016","0.73333333333333295"
"99","ADAMS","0040","SCHOOL DISTRICT 27J","1560","Bolt Academy","20142015","0.73333333333333295"
"100","ADAMS","0040","SCHOOL DISTRICT 27J","1560","Bolt Academy","20132014","0.8"
"101","ADAMS","0040","SCHOOL DISTRICT 27J","2399","Eagle Ridge Academy","20162017","0.98019801980197996"
"102","ADAMS","0040","SCHOOL DISTRICT 27J","2399","Eagle Ridge Academy","20152016","0.94623655913978399"
"103","ADAMS","0040","SCHOOL DISTRICT 27J","2399","Eagle Ridge Academy","20142015","0.90109890109890101"
"104","ADAMS","0040","SCHOOL DISTRICT 27J","2399","Eagle Ridge Academy","20132014","0.88"
"105","ADAMS","0040","SCHOOL DISTRICT 27J","7129","Prairie View High School","20162017","0.84331797235022998"
"106","ADAMS","0040","SCHOOL DISTRICT 27J","7129","Prairie View High School","20152016","0.90909090909090895"
"107","ADAMS","0040","SCHOOL DISTRICT 27J","7129","Prairie View High School","20142015","0.87921348314606695"
"108","ADAMS","0040","SCHOOL DISTRICT 27J","7129","Prairie View High School","20132014","0.91183879093198905"
"109","ADAMS","0040","SCHOOL DISTRICT 27J","9998","DISTRICT TOTAL","20162017","0.77360219981668099"
"110","ADAMS","0040","SCHOOL DISTRICT 27J","9998","DISTRICT TOTAL","20152016","0.82854494902687603"
"111","ADAMS","0040","SCHOOL DISTRICT 27J","9998","DISTRICT TOTAL","20142015","0.82165605095541405"
"112","ADAMS","0040","SCHOOL DISTRICT 27J","9998","DISTRICT TOTAL","20132014","0.86850477200424103"
"113","ADAMS","0050","BENNETT 29J","0775","Bennett High School","20162017","0.88636363636363602"
"114","ADAMS","0050","BENNETT 29J","0775","Bennett High School","20152016","0.78571428571428503"
"115","ADAMS","0050","BENNETT 29J","0775","Bennett High School","20142015","0.78461538461538405"
"116","ADAMS","0050","BENNETT 29J","0775","Bennett High School","20132014","0.87301587301587302"
"117","ADAMS","0050","BENNETT 29J","9998","DISTRICT TOTAL","20162017","0.88636363636363602"
"118","ADAMS","0050","BENNETT 29J","9998","DISTRICT TOTAL","20152016","0.78571428571428503"
"119","ADAMS","0050","BENNETT 29J","9998","DISTRICT TOTAL","20142015","0.78461538461538405"
"120","ADAMS","0050","BENNETT 29J","9998","DISTRICT TOTAL","20132014","0.87301587301587302"
"121","ADAMS","0060","STRASBURG 31J","7133","Prairie Creeks Charter School","20162017","0.42857142857142799"
"122","ADAMS","0060","STRASBURG 31J","7133","Prairie Creeks Charter School","20152016","0.83333333333333304"
"123","ADAMS","0060","STRASBURG 31J","7133","Prairie Creeks Charter School","20142015","0.9"
"124","ADAMS","0060","STRASBURG 31J","7133","Prairie Creeks Charter School","20132014","0.75"
"125","ADAMS","0060","STRASBURG 31J","8334","Strasburg High School","20162017","0.89156626506023995"
"126","ADAMS","0060","STRASBURG 31J","8334","Strasburg High School","20152016","0.94047619047619002"
"127","ADAMS","0060","STRASBURG 31J","8334","Strasburg High School","20142015","0.96250000000000002"
"128","ADAMS","0060","STRASBURG 31J","8334","Strasburg High School","20132014","0.95714285714285696"
"129","ADAMS","0060","STRASBURG 31J","9998","DISTRICT TOTAL","20162017","0.85555555555555496"
"130","ADAMS","0060","STRASBURG 31J","9998","DISTRICT TOTAL","20152016","0.93333333333333302"
"131","ADAMS","0060","STRASBURG 31J","9998","DISTRICT TOTAL","20142015","0.95555555555555505"
"132","ADAMS","0060","STRASBURG 31J","9998","DISTRICT TOTAL","20132014","0.93589743589743501"
"133","ADAMS","0070","WESTMINSTER PUBLIC SCHOOLS","3931","Hidden Lake High School","20162017","0.20382165605095501"
"134","ADAMS","0070","WESTMINSTER PUBLIC SCHOOLS","3931","Hidden Lake High School","20152016","0.38461538461538403"
"135","ADAMS","0070","WESTMINSTER PUBLIC SCHOOLS","3931","Hidden Lake High School","20142015","0.53435114503816705"
"136","ADAMS","0070","WESTMINSTER PUBLIC SCHOOLS","3931","Hidden Lake High School","20132014","0.50326797385620903"
"137","ADAMS","0070","WESTMINSTER PUBLIC SCHOOLS","9466","Westminster High School","20162017","0.69795918367346899"
"138","ADAMS","0070","WESTMINSTER PUBLIC SCHOOLS","9466","Westminster High School","20152016","0.79282868525896399"
"139","ADAMS","0070","WESTMINSTER PUBLIC SCHOOLS","9466","Westminster High School","20142015","0.781007751937984"
"140","ADAMS","0070","WESTMINSTER PUBLIC SCHOOLS","9466","Westminster High School","20132014","0.79411764705882304"
"141","ADAMS","0070","WESTMINSTER PUBLIC SCHOOLS","9998","DISTRICT TOTAL","20162017","0.57805255023183899"
"142","ADAMS","0070","WESTMINSTER PUBLIC SCHOOLS","9998","DISTRICT TOTAL","20152016","0.69001490312965696"
"143","ADAMS","0070","WESTMINSTER PUBLIC SCHOOLS","9998","DISTRICT TOTAL","20142015","0.73106646058732605"
"144","ADAMS","0070","WESTMINSTER PUBLIC SCHOOLS","9998","DISTRICT TOTAL","20132014","0.72337042925278205"
"145","ARAPAHOE","0120","ENGLEWOOD 1","0206","Colorado'S Finest High School Of Choice","20162017","0.28799999999999998"
"146","ARAPAHOE","0120","ENGLEWOOD 1","0206","Colorado'S Finest High School Of Choice","20152016","0.38938053097345099"
"147","ARAPAHOE","0120","ENGLEWOOD 1","0206","Colorado'S Finest High School Of Choice","20142015","0.36036036036036001"
"148","ARAPAHOE","0120","ENGLEWOOD 1","0206","Colorado'S Finest High School Of Choice","20132014","0.46956521739130402"
"149","ARAPAHOE","0120","ENGLEWOOD 1","2746","Englewood High School","20162017","0.68789808917197404"
"150","ARAPAHOE","0120","ENGLEWOOD 1","2746","Englewood High School","20152016","0.825806451612903"
"151","ARAPAHOE","0120","ENGLEWOOD 1","2746","Englewood High School","20142015","0.76158940397350905"
"152","ARAPAHOE","0120","ENGLEWOOD 1","2746","Englewood High School","20132014","0.77777777777777701"
"153","ARAPAHOE","0120","ENGLEWOOD 1","9998","DISTRICT TOTAL","20162017","0.51063829787234005"
"154","ARAPAHOE","0120","ENGLEWOOD 1","9998","DISTRICT TOTAL","20152016","0.64179104477611904"
"155","ARAPAHOE","0120","ENGLEWOOD 1","9998","DISTRICT TOTAL","20142015","0.59160305343511399"
"156","ARAPAHOE","0120","ENGLEWOOD 1","9998","DISTRICT TOTAL","20132014","0.64552238805970097"
"157","ARAPAHOE","0123","SHERIDAN 2","7842","Sheridan High School","20162017","0.88235294117647001"
"158","ARAPAHOE","0123","SHERIDAN 2","7842","Sheridan High School","20152016","0.88732394366197098"
"159","ARAPAHOE","0123","SHERIDAN 2","7842","Sheridan High School","20142015","0.92957746478873204"
"160","ARAPAHOE","0123","SHERIDAN 2","7842","Sheridan High School","20132014","0.95774647887323905"
"161","ARAPAHOE","0123","SHERIDAN 2","8123","Soar Academy","20162017","0.41860465116279"
"162","ARAPAHOE","0123","SHERIDAN 2","8123","Soar Academy","20152016","0.54761904761904701"
"163","ARAPAHOE","0123","SHERIDAN 2","8123","Soar Academy","20142015","0.58974358974358898"
"164","ARAPAHOE","0123","SHERIDAN 2","8123","Soar Academy","20132014","0.49019607843137197"
"165","ARAPAHOE","0123","SHERIDAN 2","9998","DISTRICT TOTAL","20162017","0.7265625"
"166","ARAPAHOE","0123","SHERIDAN 2","9998","DISTRICT TOTAL","20152016","0.76106194690265405"
"167","ARAPAHOE","0123","SHERIDAN 2","9998","DISTRICT TOTAL","20142015","0.80909090909090897"
"168","ARAPAHOE","0123","SHERIDAN 2","9998","DISTRICT TOTAL","20132014","0.76229508196721296"
"169","ARAPAHOE","0130","CHERRY CREEK 5","0000","Summer District Dropouts","20162017","0"
"170","ARAPAHOE","0130","CHERRY CREEK 5","0000","Summer District Dropouts","20152016","0"
"171","ARAPAHOE","0130","CHERRY CREEK 5","0000","Summer District Dropouts","20142015","0"
"172","ARAPAHOE","0130","CHERRY CREEK 5","0000","Summer District Dropouts","20132014","0"
"173","ARAPAHOE","0130","CHERRY CREEK 5","1551","Cherokee Trail High School","20162017","0.93313953488372003"
"174","ARAPAHOE","0130","CHERRY CREEK 5","1551","Cherokee Trail High School","20152016","0.93693693693693603"
"175","ARAPAHOE","0130","CHERRY CREEK 5","1551","Cherokee Trail High School","20142015","0.93467336683417002"
"176","ARAPAHOE","0130","CHERRY CREEK 5","1551","Cherokee Trail High School","20132014","0.94034536891679699"
"177","ARAPAHOE","0130","CHERRY CREEK 5","1570","Cherry Creek High School","20162017","0.94638694638694598"
"178","ARAPAHOE","0130","CHERRY CREEK 5","1570","Cherry Creek High School","20152016","0.95673076923076905"
"179","ARAPAHOE","0130","CHERRY CREEK 5","1570","Cherry Creek High School","20142015","0.95885714285714196"
"180","ARAPAHOE","0130","CHERRY CREEK 5","1570","Cherry Creek High School","20132014","0.96449026345933497"
"181","ARAPAHOE","0130","CHERRY CREEK 5","2357","Eaglecrest High School","20162017","0.91059602649006599"
"182","ARAPAHOE","0130","CHERRY CREEK 5","2357","Eaglecrest High School","20152016","0.90848585690515804"
"183","ARAPAHOE","0130","CHERRY CREEK 5","2357","Eaglecrest High School","20142015","0.92136752136752098"
"184","ARAPAHOE","0130","CHERRY CREEK 5","2357","Eaglecrest High School","20132014","0.91338582677165303"
"185","ARAPAHOE","0130","CHERRY CREEK 5","2653","Endeavor Academy","20162017","0.47089947089946999"
"186","ARAPAHOE","0130","CHERRY CREEK 5","2653","Endeavor Academy","20152016","0.71739130434782605"
"187","ARAPAHOE","0130","CHERRY CREEK 5","2653","Endeavor Academy","20142015","0.76666666666666605"
"188","ARAPAHOE","0130","CHERRY CREEK 5","2653","Endeavor Academy","20132014","0.45454545454545398"
"189","ARAPAHOE","0130","CHERRY CREEK 5","3589","Grandview High School","20162017","0.937402190923317"
"190","ARAPAHOE","0130","CHERRY CREEK 5","3589","Grandview High School","20152016","0.94556765163296996"
"191","ARAPAHOE","0130","CHERRY CREEK 5","3589","Grandview High School","20142015","0.95606060606060606"
"192","ARAPAHOE","0130","CHERRY CREEK 5","3589","Grandview High School","20132014","0.94599018003273305"
"193","ARAPAHOE","0130","CHERRY CREEK 5","6367","Options School","20162017","0"
"194","ARAPAHOE","0130","CHERRY CREEK 5","6367","Options School","20152016","0"
"195","ARAPAHOE","0130","CHERRY CREEK 5","6367","Options School","20142015","0"
"196","ARAPAHOE","0130","CHERRY CREEK 5","6367","Options School","20132014","0"
"197","ARAPAHOE","0130","CHERRY CREEK 5","6625","Overland High School","20162017","0.88076923076922997"
"198","ARAPAHOE","0130","CHERRY CREEK 5","6625","Overland High School","20152016","0.86186770428015502"
"199","ARAPAHOE","0130","CHERRY CREEK 5","6625","Overland High School","20142015","0.87387387387387305"
"200","ARAPAHOE","0130","CHERRY CREEK 5","6625","Overland High School","20132014","0.86091549295774605"
"201","ARAPAHOE","0130","CHERRY CREEK 5","8020","Smoky Hill High School","20162017","0.91337099811676004"
"202","ARAPAHOE","0130","CHERRY CREEK 5","8020","Smoky Hill High School","20152016","0.88932806324110603"
"203","ARAPAHOE","0130","CHERRY CREEK 5","8020","Smoky Hill High School","20142015","0.90208333333333302"
"204","ARAPAHOE","0130","CHERRY CREEK 5","8020","Smoky Hill High School","20132014","0.91803278688524503"
"205","ARAPAHOE","0130","CHERRY CREEK 5","9998","DISTRICT TOTAL","20162017","0.90042110478077697"
"206","ARAPAHOE","0130","CHERRY CREEK 5","9998","DISTRICT TOTAL","20152016","0.91183177096529"
"207","ARAPAHOE","0130","CHERRY CREEK 5","9998","DISTRICT TOTAL","20142015","0.92755156002115202"
"208","ARAPAHOE","0130","CHERRY CREEK 5","9998","DISTRICT TOTAL","20132014","0.92610710607621005"
"209","ARAPAHOE","0140","LITTLETON 6","0298","Arapahoe High School","20162017","0.93838028169013998"
"210","ARAPAHOE","0140","LITTLETON 6","0298","Arapahoe High School","20152016","0.95357142857142796"
"211","ARAPAHOE","0140","LITTLETON 6","0298","Arapahoe High School","20142015","0.94188376753506997"
"212","ARAPAHOE","0140","LITTLETON 6","0298","Arapahoe High School","20132014","0.98363636363636298"
"213","ARAPAHOE","0140","LITTLETON 6","3930","Heritage High School","20162017","0.88266666666666604"
"214","ARAPAHOE","0140","LITTLETON 6","3930","Heritage High School","20152016","0.92274678111587904"
"215","ARAPAHOE","0140","LITTLETON 6","3930","Heritage High School","20142015","0.91966759002770004"
"216","ARAPAHOE","0140","LITTLETON 6","3930","Heritage High School","20132014","0.95305164319248803"
"217","ARAPAHOE","0140","LITTLETON 6","5224","Littleton High School","20162017","0.83489096573208699"
"218","ARAPAHOE","0140","LITTLETON 6","5224","Littleton High School","20152016","0.86571428571428499"
"219","ARAPAHOE","0140","LITTLETON 6","5224","Littleton High School","20142015","0.86516853932584203"
"220","ARAPAHOE","0140","LITTLETON 6","5224","Littleton High School","20132014","0.89534883720930203"
"221","ARAPAHOE","0140","LITTLETON 6","9998","DISTRICT TOTAL","20162017","0.895569620253164"
"222","ARAPAHOE","0140","LITTLETON 6","9998","DISTRICT TOTAL","20152016","0.92078488372093004"
"223","ARAPAHOE","0140","LITTLETON 6","9998","DISTRICT TOTAL","20142015","0.91282894736842102"
"224","ARAPAHOE","0140","LITTLETON 6","9998","DISTRICT TOTAL","20132014","0.95075757575757502"
"225","ARAPAHOE","0170","DEER TRAIL 26J","2140","Deer Trail Junior-Senior High School","20162017","0.85714285714285698"
"226","ARAPAHOE","0170","DEER TRAIL 26J","2140","Deer Trail Junior-Senior High School","20152016","1"
"227","ARAPAHOE","0170","DEER TRAIL 26J","2140","Deer Trail Junior-Senior High School","20142015","1"
"228","ARAPAHOE","0170","DEER TRAIL 26J","2140","Deer Trail Junior-Senior High School","20132014","1"
"229","ARAPAHOE","0170","DEER TRAIL 26J","9998","DISTRICT TOTAL","20162017","0.85714285714285698"
"230","ARAPAHOE","0170","DEER TRAIL 26J","9998","DISTRICT TOTAL","20152016","1"
"231","ARAPAHOE","0170","DEER TRAIL 26J","9998","DISTRICT TOTAL","20142015","1"
"232","ARAPAHOE","0170","DEER TRAIL 26J","9998","DISTRICT TOTAL","20132014","1"
"233","ARAPAHOE","0180","ADAMS-ARAPAHOE 28J","0000","Summer District Dropouts","20162017","0"
"234","ARAPAHOE","0180","ADAMS-ARAPAHOE 28J","0000","Summer District Dropouts","20152016","0"
"235","ARAPAHOE","0180","ADAMS-ARAPAHOE 28J","0000","Summer District Dropouts","20142015","0"
"236","ARAPAHOE","0180","ADAMS-ARAPAHOE 28J","0000","Summer District Dropouts","20132014","0"
"237","ARAPAHOE","0180","ADAMS-ARAPAHOE 28J","0219","Aps Online School","20162017","0.27868852459016302"
"238","ARAPAHOE","0180","ADAMS-ARAPAHOE 28J","0219","Aps Online School","20152016","0.31034482758620602"
"239","ARAPAHOE","0180","ADAMS-ARAPAHOE 28J","0219","Aps Online School","20142015","0.41666666666666602"
"240","ARAPAHOE","0180","ADAMS-ARAPAHOE 28J","0219","Aps Online School","20132014","0.30303030303030298"
"241","ARAPAHOE","0180","ADAMS-ARAPAHOE 28J","1458","Aurora Central High School","20162017","0.51272015655577197"
"242","ARAPAHOE","0180","ADAMS-ARAPAHOE 28J","1458","Aurora Central High School","20152016","0.60845588235294101"
"243","ARAPAHOE","0180","ADAMS-ARAPAHOE 28J","1458","Aurora Central High School","20142015","0.67500000000000004"
"244","ARAPAHOE","0180","ADAMS-ARAPAHOE 28J","1458","Aurora Central High School","20132014","0.66988416988416899"
"245","ARAPAHOE","0180","ADAMS-ARAPAHOE 28J","3354","Gateway High School","20162017","0.60340632603406297"
"246","ARAPAHOE","0180","ADAMS-ARAPAHOE 28J","3354","Gateway High School","20152016","0.730582524271844"
"247","ARAPAHOE","0180","ADAMS-ARAPAHOE 28J","3354","Gateway High School","20142015","0.71355498721227595"
"248","ARAPAHOE","0180","ADAMS-ARAPAHOE 28J","3354","Gateway High School","20132014","0.66749999999999998"
"249","ARAPAHOE","0180","ADAMS-ARAPAHOE 28J","4024","Hinkley High School","20162017","0.689393939393939"
"250","ARAPAHOE","0180","ADAMS-ARAPAHOE 28J","4024","Hinkley High School","20152016","0.80891719745222901"
"251","ARAPAHOE","0180","ADAMS-ARAPAHOE 28J","4024","Hinkley High School","20142015","0.78269617706237404"
"252","ARAPAHOE","0180","ADAMS-ARAPAHOE 28J","4024","Hinkley High School","20132014","0.79835390946502005"
"253","ARAPAHOE","0180","ADAMS-ARAPAHOE 28J","5298","Lotus School For Excellence","20162017","0.79487179487179405"
"254","ARAPAHOE","0180","ADAMS-ARAPAHOE 28J","5298","Lotus School For Excellence","20152016","0.95348837209302295"
"255","ARAPAHOE","0180","ADAMS-ARAPAHOE 28J","5298","Lotus School For Excellence","20142015","0.93548387096774099"
"256","ARAPAHOE","0180","ADAMS-ARAPAHOE 28J","5298","Lotus School For Excellence","20132014","0.90625"
"257","ARAPAHOE","0180","ADAMS-ARAPAHOE 28J","6219","New America School - Lowry","20162017","0"
"258","ARAPAHOE","0180","ADAMS-ARAPAHOE 28J","6219","New America School - Lowry","20152016","0"
"259","ARAPAHOE","0180","ADAMS-ARAPAHOE 28J","6219","New America School - Lowry","20142015","0.266666666666666"
"260","ARAPAHOE","0180","ADAMS-ARAPAHOE 28J","6219","New America School - Lowry","20132014","0.47826086956521702"
"261","ARAPAHOE","0180","ADAMS-ARAPAHOE 28J","6546","Options School","20162017","0"
"262","ARAPAHOE","0180","ADAMS-ARAPAHOE 28J","6546","Options School","20152016","0"
"263","ARAPAHOE","0180","ADAMS-ARAPAHOE 28J","6546","Options School","20142015","0"
"264","ARAPAHOE","0180","ADAMS-ARAPAHOE 28J","6546","Options School","20132014","0.33333333333333298"
"265","ARAPAHOE","0180","ADAMS-ARAPAHOE 28J","7250","Rangeview High School","20162017","0.81272084805653699"
"266","ARAPAHOE","0180","ADAMS-ARAPAHOE 28J","7250","Rangeview High School","20152016","0.89774696707105694"
"267","ARAPAHOE","0180","ADAMS-ARAPAHOE 28J","7250","Rangeview High School","20142015","0.88990825688073305"
"268","ARAPAHOE","0180","ADAMS-ARAPAHOE 28J","7250","Rangeview High School","20132014","0.89165186500888005"
"269","ARAPAHOE","0180","ADAMS-ARAPAHOE 28J","8356","William Smith High School","20162017","0.68918918918918903"
"270","ARAPAHOE","0180","ADAMS-ARAPAHOE 28J","8356","William Smith High School","20152016","0.92753623188405698"
"271","ARAPAHOE","0180","ADAMS-ARAPAHOE 28J","8356","William Smith High School","20142015","0.96969696969696895"
"272","ARAPAHOE","0180","ADAMS-ARAPAHOE 28J","8356","William Smith High School","20132014","0.871428571428571"
"273","ARAPAHOE","0180","ADAMS-ARAPAHOE 28J","9125","Vista Peak 9-12 Preparatory","20162017","0.83393501805054104"
"274","ARAPAHOE","0180","ADAMS-ARAPAHOE 28J","9125","Vista Peak 9-12 Preparatory","20152016","0.84415584415584399"
"275","ARAPAHOE","0180","ADAMS-ARAPAHOE 28J","9125","Vista Peak 9-12 Preparatory","20142015","0.85990338164251201"
"276","ARAPAHOE","0180","ADAMS-ARAPAHOE 28J","9125","Vista Peak 9-12 Preparatory","20132014","0.83050847457627097"
"277","ARAPAHOE","0180","ADAMS-ARAPAHOE 28J","9189","Vanguard Classical School - East","20162017","0.83333333333333304"
"278","ARAPAHOE","0180","ADAMS-ARAPAHOE 28J","9189","Vanguard Classical School - East","20152016","0"
"279","ARAPAHOE","0180","ADAMS-ARAPAHOE 28J","9189","Vanguard Classical School - East","20142015","0"
"280","ARAPAHOE","0180","ADAMS-ARAPAHOE 28J","9189","Vanguard Classical School - East","20132014","0"
"281","ARAPAHOE","0180","ADAMS-ARAPAHOE 28J","9396","Aurora West College Preparatory Academy","20162017","0.76923076923076905"
"282","ARAPAHOE","0180","ADAMS-ARAPAHOE 28J","9396","Aurora West College Preparatory Academy","20152016","0.96969696969696895"
"283","ARAPAHOE","0180","ADAMS-ARAPAHOE 28J","9396","Aurora West College Preparatory Academy","20142015","0.94202898550724601"
"284","ARAPAHOE","0180","ADAMS-ARAPAHOE 28J","9396","Aurora West College Preparatory Academy","20132014","0.96250000000000002"
"285","ARAPAHOE","0180","ADAMS-ARAPAHOE 28J","9998","DISTRICT TOTAL","20162017","0.67644757433489799"
"286","ARAPAHOE","0180","ADAMS-ARAPAHOE 28J","9998","DISTRICT TOTAL","20152016","0.76818545163868901"
"287","ARAPAHOE","0180","ADAMS-ARAPAHOE 28J","9998","DISTRICT TOTAL","20142015","0.78199052132701397"
"288","ARAPAHOE","0180","ADAMS-ARAPAHOE 28J","9998","DISTRICT TOTAL","20132014","0.762392462105694"
"289","ARAPAHOE","0190","BYERS 32J","1176","Byers Junior-Senior High School","20162017","0.90909090909090895"
"290","ARAPAHOE","0190","BYERS 32J","1176","Byers Junior-Senior High School","20152016","0.891891891891891"
"291","ARAPAHOE","0190","BYERS 32J","1176","Byers Junior-Senior High School","20142015","0.97826086956521696"
"292","ARAPAHOE","0190","BYERS 32J","1176","Byers Junior-Senior High School","20132014","1"
"293","ARAPAHOE","0190","BYERS 32J","1752","Colorado Virtual Academy (Cova)","20162017","0.53787878787878696"
"294","ARAPAHOE","0190","BYERS 32J","1752","Colorado Virtual Academy (Cova)","20152016","0.69724770642201805"
"295","ARAPAHOE","0190","BYERS 32J","1752","Colorado Virtual Academy (Cova)","20142015","0.83333333333333304"
"296","ARAPAHOE","0190","BYERS 32J","1752","Colorado Virtual Academy (Cova)","20132014","0.64285714285714202"
"297","ARAPAHOE","0190","BYERS 32J","2356","Elevate Academy","20162017","0.53846153846153799"
"298","ARAPAHOE","0190","BYERS 32J","2356","Elevate Academy","20152016","0.28571428571428498"
"299","ARAPAHOE","0190","BYERS 32J","2356","Elevate Academy","20142015","1"
"300","ARAPAHOE","0190","BYERS 32J","2356","Elevate Academy","20132014","0"
"301","ARAPAHOE","0190","BYERS 32J","3362","Valiant Academy","20162017","0.375"
"302","ARAPAHOE","0190","BYERS 32J","3362","Valiant Academy","20152016","0.83333333333333304"
"303","ARAPAHOE","0190","BYERS 32J","3362","Valiant Academy","20142015","0.25"
"304","ARAPAHOE","0190","BYERS 32J","3362","Valiant Academy","20132014","0"
"305","ARAPAHOE","0190","BYERS 32J","9998","DISTRICT TOTAL","20162017","0.59296482412060303"
"306","ARAPAHOE","0190","BYERS 32J","9998","DISTRICT TOTAL","20152016","0.72955974842767202"
"307","ARAPAHOE","0190","BYERS 32J","9998","DISTRICT TOTAL","20142015","0.86666666666666603"
"308","ARAPAHOE","0190","BYERS 32J","9998","DISTRICT TOTAL","20132014","0.86274509803921495"
"309","BOULDER","0470","ST VRAIN VALLEY RE 1J","0120","Apex Home School Enrichment Program","20162017","0"
"310","BOULDER","0470","ST VRAIN VALLEY RE 1J","0120","Apex Home School Enrichment Program","20152016","0"
"311","BOULDER","0470","ST VRAIN VALLEY RE 1J","0120","Apex Home School Enrichment Program","20142015","0"
"312","BOULDER","0470","ST VRAIN VALLEY RE 1J","0120","Apex Home School Enrichment Program","20132014","0"
"313","BOULDER","0470","ST VRAIN VALLEY RE 1J","2761","Erie High School","20162017","0.95477386934673303"
"314","BOULDER","0470","ST VRAIN VALLEY RE 1J","2761","Erie High School","20152016","0.95360824742268002"
"315","BOULDER","0470","ST VRAIN VALLEY RE 1J","2761","Erie High School","20142015","0.89655172413793105"
"316","BOULDER","0470","ST VRAIN VALLEY RE 1J","2761","Erie High School","20132014","0.96721311475409799"
"317","BOULDER","0470","ST VRAIN VALLEY RE 1J","3196","Frederick Senior High School","20162017","0.82127659574468004"
"318","BOULDER","0470","ST VRAIN VALLEY RE 1J","3196","Frederick Senior High School","20152016","0.89523809523809506"
"319","BOULDER","0470","ST VRAIN VALLEY RE 1J","3196","Frederick Senior High School","20142015","0.87966804979253099"
"320","BOULDER","0470","ST VRAIN VALLEY RE 1J","3196","Frederick Senior High School","20132014","0.86320754716981096"
"321","BOULDER","0470","ST VRAIN VALLEY RE 1J","5282","Longmont High School","20162017","0.88636363636363602"
"322","BOULDER","0470","ST VRAIN VALLEY RE 1J","5282","Longmont High School","20152016","0.90980392156862699"
"323","BOULDER","0470","ST VRAIN VALLEY RE 1J","5282","Longmont High School","20142015","0.93307086614173196"
"324","BOULDER","0470","ST VRAIN VALLEY RE 1J","5282","Longmont High School","20132014","0.90459363957597105"
"325","BOULDER","0470","ST VRAIN VALLEY RE 1J","5368","Lyons Middle/Senior High School","20162017","0.97222222222222199"
"326","BOULDER","0470","ST VRAIN VALLEY RE 1J","5368","Lyons Middle/Senior High School","20152016","1"
"327","BOULDER","0470","ST VRAIN VALLEY RE 1J","5368","Lyons Middle/Senior High School","20142015","0.93333333333333302"
"328","BOULDER","0470","ST VRAIN VALLEY RE 1J","5368","Lyons Middle/Senior High School","20132014","0.94642857142857095"
"329","BOULDER","0470","ST VRAIN VALLEY RE 1J","5722","Mead High School","20162017","0.82608695652173902"
"330","BOULDER","0470","ST VRAIN VALLEY RE 1J","5722","Mead High School","20152016","0.91370558375634503"
"331","BOULDER","0470","ST VRAIN VALLEY RE 1J","5722","Mead High School","20142015","0.9375"
"332","BOULDER","0470","ST VRAIN VALLEY RE 1J","5722","Mead High School","20132014","0.92810457516339795"
"333","BOULDER","0470","ST VRAIN VALLEY RE 1J","6276","Niwot High School","20162017","0.92282958199356901"
"334","BOULDER","0470","ST VRAIN VALLEY RE 1J","6276","Niwot High School","20152016","0.94409937888198703"
"335","BOULDER","0470","ST VRAIN VALLEY RE 1J","6276","Niwot High School","20142015","0.97902097902097895"
"336","BOULDER","0470","ST VRAIN VALLEY RE 1J","6276","Niwot High School","20132014","0.96655518394648798"
"337","BOULDER","0470","ST VRAIN VALLEY RE 1J","6498","Olde Columbine High School","20162017","0.125"
"338","BOULDER","0470","ST VRAIN VALLEY RE 1J","6498","Olde Columbine High School","20152016","0.36619718309859101"
"339","BOULDER","0470","ST VRAIN VALLEY RE 1J","6498","Olde Columbine High School","20142015","0.38961038961038902"
"340","BOULDER","0470","ST VRAIN VALLEY RE 1J","6498","Olde Columbine High School","20132014","0.57407407407407396"
"341","BOULDER","0470","ST VRAIN VALLEY RE 1J","7789","Silver Creek High School","20162017","0.91166077738515905"
"342","BOULDER","0470","ST VRAIN VALLEY RE 1J","7789","Silver Creek High School","20152016","0.95294117647058796"
"343","BOULDER","0470","ST VRAIN VALLEY RE 1J","7789","Silver Creek High School","20142015","0.92635658914728602"
"344","BOULDER","0470","ST VRAIN VALLEY RE 1J","7789","Silver Creek High School","20132014","0.94047619047619002"
"345","BOULDER","0470","ST VRAIN VALLEY RE 1J","7839","St. Vrain Global Online Academy","20162017","0.17241379310344801"
"346","BOULDER","0470","ST VRAIN VALLEY RE 1J","7839","St. Vrain Global Online Academy","20152016","0.269230769230769"
"347","BOULDER","0470","ST VRAIN VALLEY RE 1J","7839","St. Vrain Global Online Academy","20142015","0.390625"
"348","BOULDER","0470","ST VRAIN VALLEY RE 1J","7839","St. Vrain Global Online Academy","20132014","0.38636363636363602"
"349","BOULDER","0470","ST VRAIN VALLEY RE 1J","7954","Skyline High School","20162017","0.84967320261437895"
"350","BOULDER","0470","ST VRAIN VALLEY RE 1J","7954","Skyline High School","20152016","0.82867132867132798"
"351","BOULDER","0470","ST VRAIN VALLEY RE 1J","7954","Skyline High School","20142015","0.85889570552147199"
"352","BOULDER","0470","ST VRAIN VALLEY RE 1J","7954","Skyline High School","20132014","0.88172043010752599"
"353","BOULDER","0470","ST VRAIN VALLEY RE 1J","8927","Twin Peaks Charter Academy","20162017","0.84"
"354","BOULDER","0470","ST VRAIN VALLEY RE 1J","8927","Twin Peaks Charter Academy","20152016","0.92307692307692302"
"355","BOULDER","0470","ST VRAIN VALLEY RE 1J","8927","Twin Peaks Charter Academy","20142015","0.93103448275862"
"356","BOULDER","0470","ST VRAIN VALLEY RE 1J","8927","Twin Peaks Charter Academy","20132014","0.66666666666666596"
"357","BOULDER","0470","ST VRAIN VALLEY RE 1J","9998","DISTRICT TOTAL","20162017","0.83567134268537002"
"358","BOULDER","0470","ST VRAIN VALLEY RE 1J","9998","DISTRICT TOTAL","20152016","0.87785862785862701"
"359","BOULDER","0470","ST VRAIN VALLEY RE 1J","9998","DISTRICT TOTAL","20142015","0.87720207253885996"
"360","BOULDER","0470","ST VRAIN VALLEY RE 1J","9998","DISTRICT TOTAL","20132014","0.897099069512862"
"361","BOULDER","0480","BOULDER VALLEY RE 2","0125","Arapahoe Ridge High School","20162017","0.58333333333333304"
"362","BOULDER","0480","BOULDER VALLEY RE 2","0125","Arapahoe Ridge High School","20152016","0.620253164556962"
"363","BOULDER","0480","BOULDER VALLEY RE 2","0125","Arapahoe Ridge High School","20142015","0.69444444444444398"
"364","BOULDER","0480","BOULDER VALLEY RE 2","0125","Arapahoe Ridge High School","20132014","0.76271186440677896"
"365","BOULDER","0480","BOULDER VALLEY RE 2","0924","Boulder High School","20162017","0.95505617977528001"
"366","BOULDER","0480","BOULDER VALLEY RE 2","0924","Boulder High School","20152016","0.98541666666666605"
"367","BOULDER","0480","BOULDER VALLEY RE 2","0924","Boulder High School","20142015","0.97142857142857097"
"368","BOULDER","0480","BOULDER VALLEY RE 2","0924","Boulder High School","20132014","0.98283261802575095"
"369","BOULDER","0480","BOULDER VALLEY RE 2","0930","Boulder Universal","20162017","0.94736842105263097"
"370","BOULDER","0480","BOULDER VALLEY RE 2","0930","Boulder Universal","20152016","0.83783783783783705"
"371","BOULDER","0480","BOULDER VALLEY RE 2","0930","Boulder Universal","20142015","0.8125"
"372","BOULDER","0480","BOULDER VALLEY RE 2","0930","Boulder Universal","20132014","0.56521739130434701"
"373","BOULDER","0480","BOULDER VALLEY RE 2","0934","Boulder Prep Charter High School","20162017","0.34722222222222199"
"374","BOULDER","0480","BOULDER VALLEY RE 2","0934","Boulder Prep Charter High School","20152016","0.38461538461538403"
"375","BOULDER","0480","BOULDER VALLEY RE 2","0934","Boulder Prep Charter High School","20142015","0.37837837837837801"
"376","BOULDER","0480","BOULDER VALLEY RE 2","0934","Boulder Prep Charter High School","20132014","0.41025641025641002"
"377","BOULDER","0480","BOULDER VALLEY RE 2","1070","Broomfield High School","20162017","0.94632768361581898"
"378","BOULDER","0480","BOULDER VALLEY RE 2","1070","Broomfield High School","20152016","0.96638655462184797"
"379","BOULDER","0480","BOULDER VALLEY RE 2","1070","Broomfield High School","20142015","0.98662207357859499"
"380","BOULDER","0480","BOULDER VALLEY RE 2","1070","Broomfield High School","20132014","0.97014925373134298"
"381","BOULDER","0480","BOULDER VALLEY RE 2","1380","Centaurus High School","20162017","0.94238683127571998"
"382","BOULDER","0480","BOULDER VALLEY RE 2","1380","Centaurus High School","20152016","0.95752895752895695"
"383","BOULDER","0480","BOULDER VALLEY RE 2","1380","Centaurus High School","20142015","0.99115044247787598"
"384","BOULDER","0480","BOULDER VALLEY RE 2","1380","Centaurus High School","20132014","0.98054474708171202"
"385","BOULDER","0480","BOULDER VALLEY RE 2","2892","Fairview High School","20162017","0.96659707724425803"
"386","BOULDER","0480","BOULDER VALLEY RE 2","2892","Fairview High School","20152016","0.98736462093862798"
"387","BOULDER","0480","BOULDER VALLEY RE 2","2892","Fairview High School","20142015","0.99068901303538104"
"388","BOULDER","0480","BOULDER VALLEY RE 2","2892","Fairview High School","20132014","0.99613152804642102"
"389","BOULDER","0480","BOULDER VALLEY RE 2","3499","Halcyon School (Special Education)","20162017","0"
"390","BOULDER","0480","BOULDER VALLEY RE 2","3499","Halcyon School (Special Education)","20152016","0"
"391","BOULDER","0480","BOULDER VALLEY RE 2","3499","Halcyon School (Special Education)","20142015","0"
"392","BOULDER","0480","BOULDER VALLEY RE 2","3499","Halcyon School (Special Education)","20132014","0"
"393","BOULDER","0480","BOULDER VALLEY RE 2","4496","Justice High Charter School","20162017","0.32"
"394","BOULDER","0480","BOULDER VALLEY RE 2","4496","Justice High Charter School","20152016","0.30555555555555503"
"395","BOULDER","0480","BOULDER VALLEY RE 2","4496","Justice High Charter School","20142015","0.47222222222222199"
"396","BOULDER","0480","BOULDER VALLEY RE 2","4496","Justice High Charter School","20132014","0.55555555555555503"
"397","BOULDER","0480","BOULDER VALLEY RE 2","5999","Monarch High School","20162017","0.965853658536585"
"398","BOULDER","0480","BOULDER VALLEY RE 2","5999","Monarch High School","20152016","0.97906976744186003"
"399","BOULDER","0480","BOULDER VALLEY RE 2","5999","Monarch High School","20142015","0.97777777777777697"
"400","BOULDER","0480","BOULDER VALLEY RE 2","5999","Monarch High School","20132014","0.97788697788697698"
"401","BOULDER","0480","BOULDER VALLEY RE 2","6195","New Vista High School","20162017","0.8125"
"402","BOULDER","0480","BOULDER VALLEY RE 2","6195","New Vista High School","20152016","0.96250000000000002"
"403","BOULDER","0480","BOULDER VALLEY RE 2","6195","New Vista High School","20142015","0.91549295774647799"
"404","BOULDER","0480","BOULDER VALLEY RE 2","6195","New Vista High School","20132014","0.92156862745098"
"405","BOULDER","0480","BOULDER VALLEY RE 2","6212","Nederland Middle-Senior High School","20162017","0.75555555555555498"
"406","BOULDER","0480","BOULDER VALLEY RE 2","6212","Nederland Middle-Senior High School","20152016","0.90909090909090895"
"407","BOULDER","0480","BOULDER VALLEY RE 2","6212","Nederland Middle-Senior High School","20142015","0.952380952380952"
"408","BOULDER","0480","BOULDER VALLEY RE 2","6212","Nederland Middle-Senior High School","20132014","0.89583333333333304"
"409","BOULDER","0480","BOULDER VALLEY RE 2","6816","Peak To Peak Charter School","20162017","0.97857142857142798"
"410","BOULDER","0480","BOULDER VALLEY RE 2","6816","Peak To Peak Charter School","20152016","0.992307692307692"
"411","BOULDER","0480","BOULDER VALLEY RE 2","6816","Peak To Peak Charter School","20142015","1"
"412","BOULDER","0480","BOULDER VALLEY RE 2","6816","Peak To Peak Charter School","20132014","1"
"413","BOULDER","0480","BOULDER VALLEY RE 2","9998","DISTRICT TOTAL","20162017","0.91329966329966294"
"414","BOULDER","0480","BOULDER VALLEY RE 2","9998","DISTRICT TOTAL","20152016","0.94119952959623598"
"415","BOULDER","0480","BOULDER VALLEY RE 2","9998","DISTRICT TOTAL","20142015","0.95034843205574904"
"416","BOULDER","0480","BOULDER VALLEY RE 2","9998","DISTRICT TOTAL","20132014","0.94555873925501399"
"417","DENVER","0880","DENVER COUNTY 1","0000","Summer District Dropouts","20162017","0"
"418","DENVER","0880","DENVER COUNTY 1","0000","Summer District Dropouts","20152016","0"
"419","DENVER","0880","DENVER COUNTY 1","0000","Summer District Dropouts","20142015","0"
"420","DENVER","0880","DENVER COUNTY 1","0000","Summer District Dropouts","20132014","0"
"421","DENVER","0880","DENVER COUNTY 1","0010","Abraham Lincoln High School","20162017","0.75347222222222199"
"422","DENVER","0880","DENVER COUNTY 1","0010","Abraham Lincoln High School","20152016","0.91349480968858099"
"423","DENVER","0880","DENVER COUNTY 1","0010","Abraham Lincoln High School","20142015","0.87037037037037002"
"424","DENVER","0880","DENVER COUNTY 1","0010","Abraham Lincoln High School","20132014","0.87301587301587302"
"425","DENVER","0880","DENVER COUNTY 1","0040","Ridge View Academy Charter School","20162017","1.6260162601626001E-2"
"426","DENVER","0880","DENVER COUNTY 1","0040","Ridge View Academy Charter School","20152016","6.9444444444444406E-2"
"427","DENVER","0880","DENVER COUNTY 1","0040","Ridge View Academy Charter School","20142015","0.115384615384615"
"428","DENVER","0880","DENVER COUNTY 1","0040","Ridge View Academy Charter School","20132014","0.14893617021276501"
"429","DENVER","0880","DENVER COUNTY 1","0067","Academy Of Urban Learning","20162017","0.38461538461538403"
"430","DENVER","0880","DENVER COUNTY 1","0067","Academy Of Urban Learning","20152016","0.5"
"431","DENVER","0880","DENVER COUNTY 1","0067","Academy Of Urban Learning","20142015","0.32432432432432401"
"432","DENVER","0880","DENVER COUNTY 1","0067","Academy Of Urban Learning","20132014","0.5"
"433","DENVER","0880","DENVER COUNTY 1","1295","Collegiate Preparatory Academy","20162017","0.568965517241379"
"434","DENVER","0880","DENVER COUNTY 1","1295","Collegiate Preparatory Academy","20152016","0.843373493975903"
"435","DENVER","0880","DENVER COUNTY 1","1295","Collegiate Preparatory Academy","20142015","0.85897435897435803"
"436","DENVER","0880","DENVER COUNTY 1","1295","Collegiate Preparatory Academy","20132014","0.57142857142857095"
"437","DENVER","0880","DENVER COUNTY 1","1319","Career Education Center Early College","20162017","0.67307692307692302"
"438","DENVER","0880","DENVER COUNTY 1","1319","Career Education Center Early College","20152016","0.84848484848484795"
"439","DENVER","0880","DENVER COUNTY 1","1319","Career Education Center Early College","20142015","0.96774193548387"
"440","DENVER","0880","DENVER COUNTY 1","1319","Career Education Center Early College","20132014","0.989247311827956"
"441","DENVER","0880","DENVER COUNTY 1","1489","Compassion Road Academy","20162017","0.38961038961038902"
"442","DENVER","0880","DENVER COUNTY 1","1489","Compassion Road Academy","20152016","0.37662337662337603"
"443","DENVER","0880","DENVER COUNTY 1","1489","Compassion Road Academy","20142015","0.40816326530612201"
"444","DENVER","0880","DENVER COUNTY 1","1489","Compassion Road Academy","20132014","0.29411764705882298"
"445","DENVER","0880","DENVER COUNTY 1","1748","Colorado High School Charter","20162017","0.27611940298507398"
"446","DENVER","0880","DENVER COUNTY 1","1748","Colorado High School Charter","20152016","0.36470588235294099"
"447","DENVER","0880","DENVER COUNTY 1","1748","Colorado High School Charter","20142015","0.490566037735849"
"448","DENVER","0880","DENVER COUNTY 1","1748","Colorado High School Charter","20132014","0.45977011494252801"
"449","DENVER","0880","DENVER COUNTY 1","1866","Ace Community Challenge School","20162017","0"
"450","DENVER","0880","DENVER COUNTY 1","1866","Ace Community Challenge School","20152016","0"
"451","DENVER","0880","DENVER COUNTY 1","1866","Ace Community Challenge School","20142015","0"
"452","DENVER","0880","DENVER COUNTY 1","1866","Ace Community Challenge School","20132014","0"
"453","DENVER","0880","DENVER COUNTY 1","2145","Dsst: Green Valley Ranch High School","20162017","0.87619047619047596"
"454","DENVER","0880","DENVER COUNTY 1","2145","Dsst: Green Valley Ranch High School","20152016","0.94736842105263097"
"455","DENVER","0880","DENVER COUNTY 1","2145","Dsst: Green Valley Ranch High School","20142015","0.96666666666666601"
"456","DENVER","0880","DENVER COUNTY 1","2145","Dsst: Green Valley Ranch High School","20132014","0"
"457","DENVER","0880","DENVER COUNTY 1","2175","Dsst: Cole High School","20162017","0"
"458","DENVER","0880","DENVER COUNTY 1","2175","Dsst: Cole High School","20152016","0"
"459","DENVER","0880","DENVER COUNTY 1","2175","Dsst: Cole High School","20142015","0"
"460","DENVER","0880","DENVER COUNTY 1","2175","Dsst: Cole High School","20132014","0"
"461","DENVER","0880","DENVER COUNTY 1","2183","Denver Center For International Studies","20162017","0.96629213483146004"
"462","DENVER","0880","DENVER COUNTY 1","2183","Denver Center For International Studies","20152016","0.93589743589743501"
"463","DENVER","0880","DENVER COUNTY 1","2183","Denver Center For International Studies","20142015","0.95294117647058796"
"464","DENVER","0880","DENVER COUNTY 1","2183","Denver Center For International Studies","20132014","0.96153846153846101"
"465","DENVER","0880","DENVER COUNTY 1","2184","Denver School Of The Arts","20162017","0.98765432098765404"
"466","DENVER","0880","DENVER COUNTY 1","2184","Denver School Of The Arts","20152016","0.99342105263157798"
"467","DENVER","0880","DENVER COUNTY 1","2184","Denver School Of The Arts","20142015","0.98726114649681496"
"468","DENVER","0880","DENVER COUNTY 1","2184","Denver School Of The Arts","20132014","0.99315068493150604"
"469","DENVER","0880","DENVER COUNTY 1","2185","Dsst: Stapleton High School","20162017","0.88235294117647001"
"470","DENVER","0880","DENVER COUNTY 1","2185","Dsst: Stapleton High School","20152016","0.96460176991150404"
"471","DENVER","0880","DENVER COUNTY 1","2185","Dsst: Stapleton High School","20142015","0.95049504950495001"
"472","DENVER","0880","DENVER COUNTY 1","2185","Dsst: Stapleton High School","20132014","0.96511627906976705"
"473","DENVER","0880","DENVER COUNTY 1","2188","Denver Center For 21st Learning At Wyman","20162017","0.45161290322580599"
"474","DENVER","0880","DENVER COUNTY 1","2188","Denver Center For 21st Learning At Wyman","20152016","0.63095238095238004"
"475","DENVER","0880","DENVER COUNTY 1","2188","Denver Center For 21st Learning At Wyman","20142015","0.58823529411764697"
"476","DENVER","0880","DENVER COUNTY 1","2188","Denver Center For 21st Learning At Wyman","20132014","0.46153846153846101"
"477","DENVER","0880","DENVER COUNTY 1","2209","Dcis At Montbello","20162017","0.78651685393258397"
"478","DENVER","0880","DENVER COUNTY 1","2209","Dcis At Montbello","20152016","0.96385542168674598"
"479","DENVER","0880","DENVER COUNTY 1","2209","Dcis At Montbello","20142015","0.93103448275862"
"480","DENVER","0880","DENVER COUNTY 1","2209","Dcis At Montbello","20132014","0.66666666666666596"
"481","DENVER","0880","DENVER COUNTY 1","2398","East High School","20162017","0.88494077834179297"
"482","DENVER","0880","DENVER COUNTY 1","2398","East High School","20152016","0.96167247386759502"
"483","DENVER","0880","DENVER COUNTY 1","2398","East High School","20142015","0.96302521008403297"
"484","DENVER","0880","DENVER COUNTY 1","2398","East High School","20132014","0.94357976653696396"
"485","DENVER","0880","DENVER COUNTY 1","2641","Excel Academy","20162017","0.47706422018348599"
"486","DENVER","0880","DENVER COUNTY 1","2641","Excel Academy","20152016","0.58510638297872297"
"487","DENVER","0880","DENVER COUNTY 1","2641","Excel Academy","20142015","0.63157894736842102"
"488","DENVER","0880","DENVER COUNTY 1","2641","Excel Academy","20132014","0.37735849056603699"
"489","DENVER","0880","DENVER COUNTY 1","2726","Emily Griffith High School","20162017","8.7649402390438197E-2"
"490","DENVER","0880","DENVER COUNTY 1","2726","Emily Griffith High School","20152016","0.19565217391304299"
"491","DENVER","0880","DENVER COUNTY 1","2726","Emily Griffith High School","20142015","0.24189526184538601"
"492","DENVER","0880","DENVER COUNTY 1","2726","Emily Griffith High School","20132014","0.16507177033492801"
"493","DENVER","0880","DENVER COUNTY 1","2755","Venture Prep High School","20162017","0.80327868852458995"
"494","DENVER","0880","DENVER COUNTY 1","2755","Venture Prep High School","20152016","0.88679245283018804"
"495","DENVER","0880","DENVER COUNTY 1","2755","Venture Prep High School","20142015","0.93103448275862"
"496","DENVER","0880","DENVER COUNTY 1","2755","Venture Prep High School","20132014","0.86046511627906896"
"497","DENVER","0880","DENVER COUNTY 1","2757","High Tech Early College","20162017","0.77777777777777701"
"498","DENVER","0880","DENVER COUNTY 1","2757","High Tech Early College","20152016","0.79381443298969001"
"499","DENVER","0880","DENVER COUNTY 1","2757","High Tech Early College","20142015","0.87179487179487103"
"500","DENVER","0880","DENVER COUNTY 1","2757","High Tech Early College","20132014","0.75"
"501","DENVER","0880","DENVER COUNTY 1","2789","Escuela Tlatelolco School","20162017","1"
"502","DENVER","0880","DENVER COUNTY 1","2789","Escuela Tlatelolco School","20152016","0.8"
"503","DENVER","0880","DENVER COUNTY 1","2789","Escuela Tlatelolco School","20142015","1"
"504","DENVER","0880","DENVER COUNTY 1","2789","Escuela Tlatelolco School","20132014","1"
"505","DENVER","0880","DENVER COUNTY 1","3000","Florence Crittenton High School","20162017","0.18965517241379301"
"506","DENVER","0880","DENVER COUNTY 1","3000","Florence Crittenton High School","20152016","0.273809523809523"
"507","DENVER","0880","DENVER COUNTY 1","3000","Florence Crittenton High School","20142015","0.46428571428571402"
"508","DENVER","0880","DENVER COUNTY 1","3000","Florence Crittenton High School","20132014","0.54666666666666597"
"509","DENVER","0880","DENVER COUNTY 1","3378","George Washington High School","20162017","0.82795698924731098"
"510","DENVER","0880","DENVER COUNTY 1","3378","George Washington High School","20152016","0.93031358885017401"
"511","DENVER","0880","DENVER COUNTY 1","3378","George Washington High School","20142015","0.91828793774318995"
"512","DENVER","0880","DENVER COUNTY 1","3378","George Washington High School","20132014","0.93495934959349503"
"513","DENVER","0880","DENVER COUNTY 1","3540","Girls Athletic Leadership School High School","20162017","0"
"514","DENVER","0880","DENVER COUNTY 1","3540","Girls Athletic Leadership School High School","20152016","0"
"515","DENVER","0880","DENVER COUNTY 1","3540","Girls Athletic Leadership School High School","20142015","0"
"516","DENVER","0880","DENVER COUNTY 1","3540","Girls Athletic Leadership School High School","20132014","0"
"517","DENVER","0880","DENVER COUNTY 1","4444","John F Kennedy High School","20162017","0.76595744680850997"
"518","DENVER","0880","DENVER COUNTY 1","4444","John F Kennedy High School","20152016","0.91954022988505701"
"519","DENVER","0880","DENVER COUNTY 1","4444","John F Kennedy High School","20142015","0.88104089219330795"
"520","DENVER","0880","DENVER COUNTY 1","4444","John F Kennedy High School","20132014","0.91063829787233996"
"521","DENVER","0880","DENVER COUNTY 1","4494","Justice High School Denver","20162017","0.28205128205128199"
"522","DENVER","0880","DENVER COUNTY 1","4494","Justice High School Denver","20152016","0.32608695652173902"
"523","DENVER","0880","DENVER COUNTY 1","4494","Justice High School Denver","20142015","0.58823529411764697"
"524","DENVER","0880","DENVER COUNTY 1","4494","Justice High School Denver","20132014","0.64444444444444404"
"525","DENVER","0880","DENVER COUNTY 1","4730","Kipp Denver Collegiate High School","20162017","0.82352941176470495"
"526","DENVER","0880","DENVER COUNTY 1","4730","Kipp Denver Collegiate High School","20152016","0.96078431372549"
"527","DENVER","0880","DENVER COUNTY 1","4730","Kipp Denver Collegiate High School","20142015","0.98666666666666603"
"528","DENVER","0880","DENVER COUNTY 1","4730","Kipp Denver Collegiate High School","20132014","0.93548387096774099"
"529","DENVER","0880","DENVER COUNTY 1","4795","Kunsmiller Creative Arts Academy","20162017","0.86206896551724099"
"530","DENVER","0880","DENVER COUNTY 1","4795","Kunsmiller Creative Arts Academy","20152016","1"
"531","DENVER","0880","DENVER COUNTY 1","4795","Kunsmiller Creative Arts Academy","20142015","1"
"532","DENVER","0880","DENVER COUNTY 1","4795","Kunsmiller Creative Arts Academy","20132014","0"
"533","DENVER","0880","DENVER COUNTY 1","5044","Legacy Options High School","20162017","0"
"534","DENVER","0880","DENVER COUNTY 1","5044","Legacy Options High School","20152016","0"
"535","DENVER","0880","DENVER COUNTY 1","5044","Legacy Options High School","20142015","0"
"536","DENVER","0880","DENVER COUNTY 1","5044","Legacy Options High School","20132014","0"
"537","DENVER","0880","DENVER COUNTY 1","5448","Manual High School","20162017","0.73750000000000004"
"538","DENVER","0880","DENVER COUNTY 1","5448","Manual High School","20152016","0.70769230769230695"
"539","DENVER","0880","DENVER COUNTY 1","5448","Manual High School","20142015","0.71875"
"540","DENVER","0880","DENVER COUNTY 1","5448","Manual High School","20132014","0.8125"
"541","DENVER","0880","DENVER COUNTY 1","5605","Dr. Martin Luther King Jr. Early College","20162017","0.63749999999999996"
"542","DENVER","0880","DENVER COUNTY 1","5605","Dr. Martin Luther King Jr. Early College","20152016","0.87741935483870903"
"543","DENVER","0880","DENVER COUNTY 1","5605","Dr. Martin Luther King Jr. Early College","20142015","0.92465753424657504"
"544","DENVER","0880","DENVER COUNTY 1","5605","Dr. Martin Luther King Jr. Early College","20132014","0.97278911564625803"
"545","DENVER","0880","DENVER COUNTY 1","5844","Contemporary Learning Academy","20162017","0.37704918032786799"
"546","DENVER","0880","DENVER COUNTY 1","5844","Contemporary Learning Academy","20152016","0.56862745098039202"
"547","DENVER","0880","DENVER COUNTY 1","5844","Contemporary Learning Academy","20142015","0.54237288135593198"
"548","DENVER","0880","DENVER COUNTY 1","5844","Contemporary Learning Academy","20132014","0.35483870967741898"
"549","DENVER","0880","DENVER COUNTY 1","6239","Noel Community Arts School","20162017","0.69863013698630105"
"550","DENVER","0880","DENVER COUNTY 1","6239","Noel Community Arts School","20152016","0.81355932203389802"
"551","DENVER","0880","DENVER COUNTY 1","6239","Noel Community Arts School","20142015","0.90476190476190399"
"552","DENVER","0880","DENVER COUNTY 1","6239","Noel Community Arts School","20132014","0.8"
"553","DENVER","0880","DENVER COUNTY 1","6308","North High School Engagement Center","20162017","0.52"
"554","DENVER","0880","DENVER COUNTY 1","6308","North High School Engagement Center","20152016","0.66197183098591506"
"555","DENVER","0880","DENVER COUNTY 1","6308","North High School Engagement Center","20142015","0.65151515151515105"
"556","DENVER","0880","DENVER COUNTY 1","6308","North High School Engagement Center","20132014","0.52542372881355903"
"557","DENVER","0880","DENVER COUNTY 1","6314","North High School","20162017","0.76388888888888795"
"558","DENVER","0880","DENVER COUNTY 1","6314","North High School","20152016","0.58706467661691497"
"559","DENVER","0880","DENVER COUNTY 1","6314","North High School","20142015","0.754601226993865"
"560","DENVER","0880","DENVER COUNTY 1","6314","North High School","20132014","0.905555555555555"
"561","DENVER","0880","DENVER COUNTY 1","6350","Bruce Randolph School","20162017","0.75789473684210495"
"562","DENVER","0880","DENVER COUNTY 1","6350","Bruce Randolph School","20152016","0.959595959595959"
"563","DENVER","0880","DENVER COUNTY 1","6350","Bruce Randolph School","20142015","0.987179487179487"
"564","DENVER","0880","DENVER COUNTY 1","6350","Bruce Randolph School","20132014","0.98850574712643602"
"565","DENVER","0880","DENVER COUNTY 1","6509","Denver Online High School","20162017","0.34020618556700999"
"566","DENVER","0880","DENVER COUNTY 1","6509","Denver Online High School","20152016","0.5"
"567","DENVER","0880","DENVER COUNTY 1","6509","Denver Online High School","20142015","0.63529411764705801"
"568","DENVER","0880","DENVER COUNTY 1","6509","Denver Online High School","20132014","0.69387755102040805"
"569","DENVER","0880","DENVER COUNTY 1","7163","P.R.E.P. (Positive Refocus Education Program)","20162017","0.483870967741935"
"570","DENVER","0880","DENVER COUNTY 1","7163","P.R.E.P. (Positive Refocus Education Program)","20152016","0.73333333333333295"
"571","DENVER","0880","DENVER COUNTY 1","7163","P.R.E.P. (Positive Refocus Education Program)","20142015","0.56521739130434701"
"572","DENVER","0880","DENVER COUNTY 1","7163","P.R.E.P. (Positive Refocus Education Program)","20132014","0.69565217391304301"
"573","DENVER","0880","DENVER COUNTY 1","7188","P.U.S.H. Academy","20162017","0.48888888888888798"
"574","DENVER","0880","DENVER COUNTY 1","7188","P.U.S.H. Academy","20152016","0.66666666666666596"
"575","DENVER","0880","DENVER COUNTY 1","7188","P.U.S.H. Academy","20142015","0.71212121212121204"
"576","DENVER","0880","DENVER COUNTY 1","7188","P.U.S.H. Academy","20132014","0.72380952380952301"
"577","DENVER","0880","DENVER COUNTY 1","7246","Respect Academy At Lincoln","20162017","0.45098039215686198"
"578","DENVER","0880","DENVER COUNTY 1","7246","Respect Academy At Lincoln","20152016","0.60526315789473595"
"579","DENVER","0880","DENVER COUNTY 1","7246","Respect Academy At Lincoln","20142015","0.69135802469135799"
"580","DENVER","0880","DENVER COUNTY 1","7246","Respect Academy At Lincoln","20132014","0.68918918918918903"
"581","DENVER","0880","DENVER COUNTY 1","7361","Riseup Community School","20162017","0.24590163934426201"
"582","DENVER","0880","DENVER COUNTY 1","7361","Riseup Community School","20152016","0.14285714285714199"
"583","DENVER","0880","DENVER COUNTY 1","7361","Riseup Community School","20142015","0.11111111111111099"
"584","DENVER","0880","DENVER COUNTY 1","7361","Riseup Community School","20132014","0"
"585","DENVER","0880","DENVER COUNTY 1","7861","Sims Fayola International Academy Denver","20162017","0"
"586","DENVER","0880","DENVER COUNTY 1","7861","Sims Fayola International Academy Denver","20152016","0"
"587","DENVER","0880","DENVER COUNTY 1","7861","Sims Fayola International Academy Denver","20142015","0"
"588","DENVER","0880","DENVER COUNTY 1","7861","Sims Fayola International Academy Denver","20132014","0"
"589","DENVER","0880","DENVER COUNTY 1","8086","South High School","20162017","0.82708933717579203"
"590","DENVER","0880","DENVER COUNTY 1","8086","South High School","20152016","0.88923076923076905"
"591","DENVER","0880","DENVER COUNTY 1","8086","South High School","20142015","0.90909090909090895"
"592","DENVER","0880","DENVER COUNTY 1","8086","South High School","20132014","0.88047808764940205"
"593","DENVER","0880","DENVER COUNTY 1","8132","Southwest Early College","20162017","0.57575757575757502"
"594","DENVER","0880","DENVER COUNTY 1","8132","Southwest Early College","20152016","0.90566037735849003"
"595","DENVER","0880","DENVER COUNTY 1","8132","Southwest Early College","20142015","0.86792452830188604"
"596","DENVER","0880","DENVER COUNTY 1","8132","Southwest Early College","20132014","0.82352941176470495"
"597","DENVER","0880","DENVER COUNTY 1","8145","Summit Academy","20162017","0.452380952380952"
"598","DENVER","0880","DENVER COUNTY 1","8145","Summit Academy","20152016","0.61538461538461497"
"599","DENVER","0880","DENVER COUNTY 1","8145","Summit Academy","20142015","0.54716981132075404"
"600","DENVER","0880","DENVER COUNTY 1","8145","Summit Academy","20132014","0.55000000000000004"
"601","DENVER","0880","DENVER COUNTY 1","8347","Strive Prep - Excel","20162017","0.79761904761904701"
"602","DENVER","0880","DENVER COUNTY 1","8347","Strive Prep - Excel","20152016","0"
"603","DENVER","0880","DENVER COUNTY 1","8347","Strive Prep - Excel","20142015","0"
"604","DENVER","0880","DENVER COUNTY 1","8347","Strive Prep - Excel","20132014","0"
"605","DENVER","0880","DENVER COUNTY 1","8822","Thomas Jefferson High School","20162017","0.88085106382978695"
"606","DENVER","0880","DENVER COUNTY 1","8822","Thomas Jefferson High School","20152016","0.88095238095238004"
"607","DENVER","0880","DENVER COUNTY 1","8822","Thomas Jefferson High School","20142015","0.90909090909090895"
"608","DENVER","0880","DENVER COUNTY 1","8822","Thomas Jefferson High School","20132014","0.90404040404040398"
"609","DENVER","0880","DENVER COUNTY 1","8995","Vista Academy","20162017","0.64356435643564303"
"610","DENVER","0880","DENVER COUNTY 1","8995","Vista Academy","20152016","0.81944444444444398"
"611","DENVER","0880","DENVER COUNTY 1","8995","Vista Academy","20142015","0.81034482758620596"
"612","DENVER","0880","DENVER COUNTY 1","8995","Vista Academy","20132014","0.91111111111111098"
"613","DENVER","0880","DENVER COUNTY 1","9348","West Career Academy","20162017","0.44"
"614","DENVER","0880","DENVER COUNTY 1","9348","West Career Academy","20152016","0.66666666666666596"
"615","DENVER","0880","DENVER COUNTY 1","9348","West Career Academy","20142015","0.75"
"616","DENVER","0880","DENVER COUNTY 1","9348","West Career Academy","20132014","0.65217391304347805"
"617","DENVER","0880","DENVER COUNTY 1","9408","West High School","20162017","0"
"618","DENVER","0880","DENVER COUNTY 1","9408","West High School","20152016","0"
"619","DENVER","0880","DENVER COUNTY 1","9408","West High School","20142015","0.90666666666666595"
"620","DENVER","0880","DENVER COUNTY 1","9408","West High School","20132014","0.69369369369369305"
"621","DENVER","0880","DENVER COUNTY 1","9639","Strive Prep - Smart Academy","20162017","0.92391304347825998"
"622","DENVER","0880","DENVER COUNTY 1","9639","Strive Prep - Smart Academy","20152016","0.94174757281553301"
"623","DENVER","0880","DENVER COUNTY 1","9639","Strive Prep - Smart Academy","20142015","0"
"624","DENVER","0880","DENVER COUNTY 1","9639","Strive Prep - Smart Academy","20132014","0"
"625","DENVER","0880","DENVER COUNTY 1","9693","West Early College","20162017","0.71428571428571397"
"626","DENVER","0880","DENVER COUNTY 1","9693","West Early College","20152016","0.86363636363636298"
"627","DENVER","0880","DENVER COUNTY 1","9693","West Early College","20142015","0.85714285714285698"
"628","DENVER","0880","DENVER COUNTY 1","9693","West Early College","20132014","0.5"
"629","DENVER","0880","DENVER COUNTY 1","9702","West Leadership Academy","20162017","0.76595744680850997"
"630","DENVER","0880","DENVER COUNTY 1","9702","West Leadership Academy","20152016","0.96428571428571397"
"631","DENVER","0880","DENVER COUNTY 1","9702","West Leadership Academy","20142015","0.5"
"632","DENVER","0880","DENVER COUNTY 1","9702","West Leadership Academy","20132014","0"
"633","DENVER","0880","DENVER COUNTY 1","9998","DISTRICT TOTAL","20162017","0.66554233978341903"
"634","DENVER","0880","DENVER COUNTY 1","9998","DISTRICT TOTAL","20152016","0.75328035483274802"
"635","DENVER","0880","DENVER COUNTY 1","9998","DISTRICT TOTAL","20142015","0.76724309282448799"
"636","DENVER","0880","DENVER COUNTY 1","9998","DISTRICT TOTAL","20132014","0.74314481576692304"
"637","DOUGLAS","0900","DOUGLAS COUNTY RE 1","0201","Daniel C Oakes High School--Castle Rock","20162017","0.23170731707316999"
"638","DOUGLAS","0900","DOUGLAS COUNTY RE 1","0201","Daniel C Oakes High School--Castle Rock","20152016","0.51515151515151503"
"639","DOUGLAS","0900","DOUGLAS COUNTY RE 1","0201","Daniel C Oakes High School--Castle Rock","20142015","0.67073170731707299"
"640","DOUGLAS","0900","DOUGLAS COUNTY RE 1","0201","Daniel C Oakes High School--Castle Rock","20132014","0.77647058823529402"
"641","DOUGLAS","0900","DOUGLAS COUNTY RE 1","1367","Castle View High School","20162017","0.92017738359201695"
"642","DOUGLAS","0900","DOUGLAS COUNTY RE 1","1367","Castle View High School","20152016","0.94816414686825001"
"643","DOUGLAS","0900","DOUGLAS COUNTY RE 1","1367","Castle View High School","20142015","0.94967177242888401"
"644","DOUGLAS","0900","DOUGLAS COUNTY RE 1","1367","Castle View High School","20132014","0.96642685851318899"
"645","DOUGLAS","0900","DOUGLAS COUNTY RE 1","1503","Chaparral High School","20162017","0.92292490118576997"
"646","DOUGLAS","0900","DOUGLAS COUNTY RE 1","1503","Chaparral High School","20152016","0.93801652892561904"
"647","DOUGLAS","0900","DOUGLAS COUNTY RE 1","1503","Chaparral High School","20142015","0.94579439252336395"
"648","DOUGLAS","0900","DOUGLAS COUNTY RE 1","1503","Chaparral High School","20132014","0.96982758620689602"
"649","DOUGLAS","0900","DOUGLAS COUNTY RE 1","1555","Cloverleaf Home Education","20162017","0"
"650","DOUGLAS","0900","DOUGLAS COUNTY RE 1","1555","Cloverleaf Home Education","20152016","0"
"651","DOUGLAS","0900","DOUGLAS COUNTY RE 1","1555","Cloverleaf Home Education","20142015","0"
"652","DOUGLAS","0900","DOUGLAS COUNTY RE 1","1555","Cloverleaf Home Education","20132014","0"
"653","DOUGLAS","0900","DOUGLAS COUNTY RE 1","2230","Douglas County High School","20162017","0.90167865707434003"
"654","DOUGLAS","0900","DOUGLAS COUNTY RE 1","2230","Douglas County High School","20152016","0.95744680851063801"
"655","DOUGLAS","0900","DOUGLAS COUNTY RE 1","2230","Douglas County High School","20142015","0.95886889460154201"
"656","DOUGLAS","0900","DOUGLAS COUNTY RE 1","2230","Douglas County High School","20132014","0.94235588972430995"
"657","DOUGLAS","0900","DOUGLAS COUNTY RE 1","2338","Eagle Academy","20162017","0.38297872340425498"
"658","DOUGLAS","0900","DOUGLAS COUNTY RE 1","2338","Eagle Academy","20152016","0.60330578512396604"
"659","DOUGLAS","0900","DOUGLAS COUNTY RE 1","2338","Eagle Academy","20142015","0.69"
"660","DOUGLAS","0900","DOUGLAS COUNTY RE 1","2338","Eagle Academy","20132014","0.69879518072289104"
"661","DOUGLAS","0900","DOUGLAS COUNTY RE 1","3980","Highlands Ranch High School","20162017","0.93298969072164895"
"662","DOUGLAS","0900","DOUGLAS COUNTY RE 1","3980","Highlands Ranch High School","20152016","0.94780219780219699"
"663","DOUGLAS","0900","DOUGLAS COUNTY RE 1","3980","Highlands Ranch High School","20142015","0.96134020618556704"
"664","DOUGLAS","0900","DOUGLAS COUNTY RE 1","3980","Highlands Ranch High School","20132014","0.96323529411764697"
"665","DOUGLAS","0900","DOUGLAS COUNTY RE 1","3995","Hope Online Learning Academy High School","20162017","0.43181818181818099"
"666","DOUGLAS","0900","DOUGLAS COUNTY RE 1","3995","Hope Online Learning Academy High School","20152016","0.534246575342465"
"667","DOUGLAS","0900","DOUGLAS COUNTY RE 1","3995","Hope Online Learning Academy High School","20142015","0.59859154929577396"
"668","DOUGLAS","0900","DOUGLAS COUNTY RE 1","3995","Hope Online Learning Academy High School","20132014","0.50588235294117601"
"669","DOUGLAS","0900","DOUGLAS COUNTY RE 1","4271","Legend High School","20162017","0.97046413502109696"
"670","DOUGLAS","0900","DOUGLAS COUNTY RE 1","4271","Legend High School","20152016","0.95876288659793796"
"671","DOUGLAS","0900","DOUGLAS COUNTY RE 1","4271","Legend High School","20142015","0.96839729119638795"
"672","DOUGLAS","0900","DOUGLAS COUNTY RE 1","4271","Legend High School","20132014","0.972413793103448"
"673","DOUGLAS","0900","DOUGLAS COUNTY RE 1","5259","Stem School","20162017","0.92647058823529405"
"674","DOUGLAS","0900","DOUGLAS COUNTY RE 1","5259","Stem School","20152016","0.98113207547169801"
"675","DOUGLAS","0900","DOUGLAS COUNTY RE 1","5259","Stem School","20142015","0.96"
"676","DOUGLAS","0900","DOUGLAS COUNTY RE 1","5259","Stem School","20132014","0.66666666666666596"
"677","DOUGLAS","0900","DOUGLAS COUNTY RE 1","5405","Edcsd: Colorado Cyber School","20162017","0.66666666666666596"
"678","DOUGLAS","0900","DOUGLAS COUNTY RE 1","5405","Edcsd: Colorado Cyber School","20152016","0.67241379310344795"
"679","DOUGLAS","0900","DOUGLAS COUNTY RE 1","5405","Edcsd: Colorado Cyber School","20142015","0.58695652173913004"
"680","DOUGLAS","0900","DOUGLAS COUNTY RE 1","5405","Edcsd: Colorado Cyber School","20132014","0.58620689655172398"
"681","DOUGLAS","0900","DOUGLAS COUNTY RE 1","6165","Mountain Vista High School","20162017","0.96146044624746396"
"682","DOUGLAS","0900","DOUGLAS COUNTY RE 1","6165","Mountain Vista High School","20152016","0.97389558232931694"
"683","DOUGLAS","0900","DOUGLAS COUNTY RE 1","6165","Mountain Vista High School","20142015","0.989979959919839"
"684","DOUGLAS","0900","DOUGLAS COUNTY RE 1","6165","Mountain Vista High School","20132014","0.974806201550387"
"685","DOUGLAS","0900","DOUGLAS COUNTY RE 1","6365","Skyview Academy","20162017","1"
"686","DOUGLAS","0900","DOUGLAS COUNTY RE 1","6365","Skyview Academy","20152016","0.95454545454545403"
"687","DOUGLAS","0900","DOUGLAS COUNTY RE 1","6365","Skyview Academy","20142015","0.95918367346938704"
"688","DOUGLAS","0900","DOUGLAS COUNTY RE 1","6365","Skyview Academy","20132014","0"
"689","DOUGLAS","0900","DOUGLAS COUNTY RE 1","7118","Ponderosa High School","20162017","0.94736842105263097"
"690","DOUGLAS","0900","DOUGLAS COUNTY RE 1","7118","Ponderosa High School","20152016","0.95769230769230695"
"691","DOUGLAS","0900","DOUGLAS COUNTY RE 1","7118","Ponderosa High School","20142015","0.97777777777777697"
"692","DOUGLAS","0900","DOUGLAS COUNTY RE 1","7118","Ponderosa High School","20132014","0.95709570957095702"
"693","DOUGLAS","0900","DOUGLAS COUNTY RE 1","7435","Rock Canyon High School","20162017","0.98518518518518505"
"694","DOUGLAS","0900","DOUGLAS COUNTY RE 1","7435","Rock Canyon High School","20152016","0.99095022624434304"
"695","DOUGLAS","0900","DOUGLAS COUNTY RE 1","7435","Rock Canyon High School","20142015","0.98639455782312901"
"696","DOUGLAS","0900","DOUGLAS COUNTY RE 1","7435","Rock Canyon High School","20132014","0.989082969432314"
"697","DOUGLAS","0900","DOUGLAS COUNTY RE 1","8847","Thunderridge High School","20162017","0.96544715447154394"
"698","DOUGLAS","0900","DOUGLAS COUNTY RE 1","8847","Thunderridge High School","20152016","0.96760259179265595"
"699","DOUGLAS","0900","DOUGLAS COUNTY RE 1","8847","Thunderridge High School","20142015","0.97071129707112902"
"700","DOUGLAS","0900","DOUGLAS COUNTY RE 1","8847","Thunderridge High School","20132014","0.97156398104265396"
"701","DOUGLAS","0900","DOUGLAS COUNTY RE 1","9998","DISTRICT TOTAL","20162017","0.90433450087565603"
"702","DOUGLAS","0900","DOUGLAS COUNTY RE 1","9998","DISTRICT TOTAL","20152016","0.92585812356979402"
"703","DOUGLAS","0900","DOUGLAS COUNTY RE 1","9998","DISTRICT TOTAL","20142015","0.93899631675874695"
"704","DOUGLAS","0900","DOUGLAS COUNTY RE 1","9998","DISTRICT TOTAL","20132014","0.93508647239990506"
"705","JEFFERSON","1420","JEFFERSON COUNTY R-1","0000","Summer District Dropouts","20162017","0"
"706","JEFFERSON","1420","JEFFERSON COUNTY R-1","0000","Summer District Dropouts","20152016","0"
"707","JEFFERSON","1420","JEFFERSON COUNTY R-1","0000","Summer District Dropouts","20142015","0"
"708","JEFFERSON","1420","JEFFERSON COUNTY R-1","0000","Summer District Dropouts","20132014","0"
"709","JEFFERSON","1420","JEFFERSON COUNTY R-1","0033","Mc Lain High School","20162017","0.28229665071770299"
"710","JEFFERSON","1420","JEFFERSON COUNTY R-1","0033","Mc Lain High School","20152016","0.58282208588956996"
"711","JEFFERSON","1420","JEFFERSON COUNTY R-1","0033","Mc Lain High School","20142015","0.628571428571428"
"712","JEFFERSON","1420","JEFFERSON COUNTY R-1","0033","Mc Lain High School","20132014","0.71153846153846101"
"713","JEFFERSON","1420","JEFFERSON COUNTY R-1","0034","Mc Lain Community High School","20162017","0.112903225806451"
"714","JEFFERSON","1420","JEFFERSON COUNTY R-1","0034","Mc Lain Community High School","20152016","0.23423423423423401"
"715","JEFFERSON","1420","JEFFERSON COUNTY R-1","0034","Mc Lain Community High School","20142015","0.427350427350427"
"716","JEFFERSON","1420","JEFFERSON COUNTY R-1","0034","Mc Lain Community High School","20132014","0.42957746478873199"
"717","JEFFERSON","1420","JEFFERSON COUNTY R-1","0108","Alameda International Junior/Senior High School","20162017","0.91443850267379601"
"718","JEFFERSON","1420","JEFFERSON COUNTY R-1","0108","Alameda International Junior/Senior High School","20152016","0.95073891625615703"
"719","JEFFERSON","1420","JEFFERSON COUNTY R-1","0108","Alameda International Junior/Senior High School","20142015","0.94610778443113697"
"720","JEFFERSON","1420","JEFFERSON COUNTY R-1","0108","Alameda International Junior/Senior High School","20132014","0.96511627906976705"
"721","JEFFERSON","1420","JEFFERSON COUNTY R-1","0370","Arvada High School","20162017","0.72081218274111603"
"722","JEFFERSON","1420","JEFFERSON COUNTY R-1","0370","Arvada High School","20152016","0.86702127659574402"
"723","JEFFERSON","1420","JEFFERSON COUNTY R-1","0370","Arvada High School","20142015","0.85326086956521696"
"724","JEFFERSON","1420","JEFFERSON COUNTY R-1","0370","Arvada High School","20132014","0.87709497206703901"
"725","JEFFERSON","1420","JEFFERSON COUNTY R-1","0378","Arvada West High School","20162017","0.90745501285346997"
"726","JEFFERSON","1420","JEFFERSON COUNTY R-1","0378","Arvada West High School","20152016","0.90703517587939597"
"727","JEFFERSON","1420","JEFFERSON COUNTY R-1","0378","Arvada West High School","20142015","0.92364532019704404"
"728","JEFFERSON","1420","JEFFERSON COUNTY R-1","0378","Arvada West High School","20132014","0.93556085918854404"
"729","JEFFERSON","1420","JEFFERSON COUNTY R-1","0664","Bear Creek High School","20162017","0.93220338983050799"
"730","JEFFERSON","1420","JEFFERSON COUNTY R-1","0664","Bear Creek High School","20152016","0.94270833333333304"
"731","JEFFERSON","1420","JEFFERSON COUNTY R-1","0664","Bear Creek High School","20142015","0.95544554455445496"
"732","JEFFERSON","1420","JEFFERSON COUNTY R-1","0664","Bear Creek High School","20132014","0.95024875621890503"
"733","JEFFERSON","1420","JEFFERSON COUNTY R-1","0965","Brady Exploration School","20162017","0.51980198019801904"
"734","JEFFERSON","1420","JEFFERSON COUNTY R-1","0965","Brady Exploration School","20152016","0.55652173913043401"
"735","JEFFERSON","1420","JEFFERSON COUNTY R-1","0965","Brady Exploration School","20142015","0.55026455026455001"
"736","JEFFERSON","1420","JEFFERSON COUNTY R-1","0965","Brady Exploration School","20132014","0.62146892655367203"
"737","JEFFERSON","1420","JEFFERSON COUNTY R-1","1451","Addenbrooke Classical Academy","20162017","0.9"
"738","JEFFERSON","1420","JEFFERSON COUNTY R-1","1451","Addenbrooke Classical Academy","20152016","1"
"739","JEFFERSON","1420","JEFFERSON COUNTY R-1","1451","Addenbrooke Classical Academy","20142015","0.85714285714285698"
"740","JEFFERSON","1420","JEFFERSON COUNTY R-1","1451","Addenbrooke Classical Academy","20132014","1"
"741","JEFFERSON","1420","JEFFERSON COUNTY R-1","1522","Chatfield High School","20162017","0.91745283018867896"
"742","JEFFERSON","1420","JEFFERSON COUNTY R-1","1522","Chatfield High School","20152016","0.95851528384279405"
"743","JEFFERSON","1420","JEFFERSON COUNTY R-1","1522","Chatfield High School","20142015","0.96296296296296202"
"744","JEFFERSON","1420","JEFFERSON COUNTY R-1","1522","Chatfield High School","20132014","0.94549763033175305"
"745","JEFFERSON","1420","JEFFERSON COUNTY R-1","1864","Columbine High School","20162017","0.91666666666666596"
"746","JEFFERSON","1420","JEFFERSON COUNTY R-1","1864","Columbine High School","20152016","0.92137592137592095"
"747","JEFFERSON","1420","JEFFERSON COUNTY R-1","1864","Columbine High School","20142015","0.92091836734693799"
"748","JEFFERSON","1420","JEFFERSON COUNTY R-1","1864","Columbine High School","20132014","0.92452830188679203"
"749","JEFFERSON","1420","JEFFERSON COUNTY R-1","1880","Compass Montessori - Golden Charter School","20162017","0.6875"
"750","JEFFERSON","1420","JEFFERSON COUNTY R-1","1880","Compass Montessori - Golden Charter School","20152016","0.952380952380952"
"751","JEFFERSON","1420","JEFFERSON COUNTY R-1","1880","Compass Montessori - Golden Charter School","20142015","0.92592592592592504"
"752","JEFFERSON","1420","JEFFERSON COUNTY R-1","1880","Compass Montessori - Golden Charter School","20132014","1"
"753","JEFFERSON","1420","JEFFERSON COUNTY R-1","1886","Conifer Senior High School","20162017","0.95121951219512102"
"754","JEFFERSON","1420","JEFFERSON COUNTY R-1","1886","Conifer Senior High School","20152016","0.94382022471910099"
"755","JEFFERSON","1420","JEFFERSON COUNTY R-1","1886","Conifer Senior High School","20142015","0.9375"
"756","JEFFERSON","1420","JEFFERSON COUNTY R-1","1886","Conifer Senior High School","20132014","0.93809523809523798"
"757","JEFFERSON","1420","JEFFERSON COUNTY R-1","2093","Dakota Ridge Senior High School","20162017","0.91573033707865104"
"758","JEFFERSON","1420","JEFFERSON COUNTY R-1","2093","Dakota Ridge Senior High School","20152016","0.93539325842696597"
"759","JEFFERSON","1420","JEFFERSON COUNTY R-1","2093","Dakota Ridge Senior High School","20142015","0.94680851063829696"
"760","JEFFERSON","1420","JEFFERSON COUNTY R-1","2093","Dakota Ridge Senior High School","20132014","0.96011396011396"
"761","JEFFERSON","1420","JEFFERSON COUNTY R-1","2120","D'Evelyn Junior/Senior High School","20162017","0.96598639455782298"
"762","JEFFERSON","1420","JEFFERSON COUNTY R-1","2120","D'Evelyn Junior/Senior High School","20152016","1"
"763","JEFFERSON","1420","JEFFERSON COUNTY R-1","2120","D'Evelyn Junior/Senior High School","20142015","0.99280575539568305"
"764","JEFFERSON","1420","JEFFERSON COUNTY R-1","2120","D'Evelyn Junior/Senior High School","20132014","0.98611111111111105"
"765","JEFFERSON","1420","JEFFERSON COUNTY R-1","2836","Evergreen High School","20162017","0.95219123505976"
"766","JEFFERSON","1420","JEFFERSON COUNTY R-1","2836","Evergreen High School","20152016","0.95815899581589903"
"767","JEFFERSON","1420","JEFFERSON COUNTY R-1","2836","Evergreen High School","20142015","0.96564885496183195"
"768","JEFFERSON","1420","JEFFERSON COUNTY R-1","2836","Evergreen High School","20132014","0.96634615384615297"
"769","JEFFERSON","1420","JEFFERSON COUNTY R-1","3393","Golden View Classical Academy","20162017","0"
"770","JEFFERSON","1420","JEFFERSON COUNTY R-1","3393","Golden View Classical Academy","20152016","0"
"771","JEFFERSON","1420","JEFFERSON COUNTY R-1","3393","Golden View Classical Academy","20142015","0"
"772","JEFFERSON","1420","JEFFERSON COUNTY R-1","3393","Golden View Classical Academy","20132014","0"
"773","JEFFERSON","1420","JEFFERSON COUNTY R-1","3502","Golden High School","20162017","0.90458015267175496"
"774","JEFFERSON","1420","JEFFERSON COUNTY R-1","3502","Golden High School","20152016","0.91366906474820098"
"775","JEFFERSON","1420","JEFFERSON COUNTY R-1","3502","Golden High School","20142015","0.91616766467065802"
"776","JEFFERSON","1420","JEFFERSON COUNTY R-1","3502","Golden High School","20132014","0.89802631578947301"
"777","JEFFERSON","1420","JEFFERSON COUNTY R-1","3628","Green Mountain High School","20162017","0.926739926739926"
"778","JEFFERSON","1420","JEFFERSON COUNTY R-1","3628","Green Mountain High School","20152016","0.95"
"779","JEFFERSON","1420","JEFFERSON COUNTY R-1","3628","Green Mountain High School","20142015","0.96356275303643701"
"780","JEFFERSON","1420","JEFFERSON COUNTY R-1","3628","Green Mountain High School","20132014","0.94422310756972105"
"781","JEFFERSON","1420","JEFFERSON COUNTY R-1","4404","Jefferson Academy","20162017","0.66666666666666596"
"782","JEFFERSON","1420","JEFFERSON COUNTY R-1","4404","Jefferson Academy","20152016","0.95833333333333304"
"783","JEFFERSON","1420","JEFFERSON COUNTY R-1","4404","Jefferson Academy","20142015","0.91304347826086896"
"784","JEFFERSON","1420","JEFFERSON COUNTY R-1","4404","Jefferson Academy","20132014","1"
"785","JEFFERSON","1420","JEFFERSON COUNTY R-1","4408","Jeffco'S 21st Century Virtual Academy","20162017","0.30188679245283001"
"786","JEFFERSON","1420","JEFFERSON COUNTY R-1","4408","Jeffco'S 21st Century Virtual Academy","20152016","0.435714285714285"
"787","JEFFERSON","1420","JEFFERSON COUNTY R-1","4408","Jeffco'S 21st Century Virtual Academy","20142015","0.452554744525547"
"788","JEFFERSON","1420","JEFFERSON COUNTY R-1","4408","Jeffco'S 21st Century Virtual Academy","20132014","0.46341463414634099"
"789","JEFFERSON","1420","JEFFERSON COUNTY R-1","4410","Jefferson Academy High School","20162017","1"
"790","JEFFERSON","1420","JEFFERSON COUNTY R-1","4410","Jefferson Academy High School","20152016","1"
"791","JEFFERSON","1420","JEFFERSON COUNTY R-1","4410","Jefferson Academy High School","20142015","1"
"792","JEFFERSON","1420","JEFFERSON COUNTY R-1","4410","Jefferson Academy High School","20132014","0.974683544303797"
"793","JEFFERSON","1420","JEFFERSON COUNTY R-1","4422","Jefferson Junior/Senior High School","20162017","0.75"
"794","JEFFERSON","1420","JEFFERSON COUNTY R-1","4422","Jefferson Junior/Senior High School","20152016","0.87826086956521698"
"795","JEFFERSON","1420","JEFFERSON COUNTY R-1","4422","Jefferson Junior/Senior High School","20142015","0.79629629629629595"
"796","JEFFERSON","1420","JEFFERSON COUNTY R-1","4422","Jefferson Junior/Senior High School","20132014","0.83703703703703702"
"797","JEFFERSON","1420","JEFFERSON COUNTY R-1","4798","Connections Learning Center On The Earle Johnson Campus","20162017","0"
"798","JEFFERSON","1420","JEFFERSON COUNTY R-1","4798","Connections Learning Center On The Earle Johnson Campus","20152016","0"
"799","JEFFERSON","1420","JEFFERSON COUNTY R-1","4798","Connections Learning Center On The Earle Johnson Campus","20142015","0"
"800","JEFFERSON","1420","JEFFERSON COUNTY R-1","4798","Connections Learning Center On The Earle Johnson Campus","20132014","0"
"801","JEFFERSON","1420","JEFFERSON COUNTY R-1","4942","Lakewood High School","20162017","0.93237704918032704"
"802","JEFFERSON","1420","JEFFERSON COUNTY R-1","4942","Lakewood High School","20152016","0.93275488069414303"
"803","JEFFERSON","1420","JEFFERSON COUNTY R-1","4942","Lakewood High School","20142015","0.927947598253275"
"804","JEFFERSON","1420","JEFFERSON COUNTY R-1","4942","Lakewood High School","20132014","0.95444685466377399"
"805","JEFFERSON","1420","JEFFERSON COUNTY R-1","5415","Rocky Mountain Deaf School","20162017","1"
"806","JEFFERSON","1420","JEFFERSON COUNTY R-1","5415","Rocky Mountain Deaf School","20152016","1"
"807","JEFFERSON","1420","JEFFERSON COUNTY R-1","5415","Rocky Mountain Deaf School","20142015","0.8"
"808","JEFFERSON","1420","JEFFERSON COUNTY R-1","5415","Rocky Mountain Deaf School","20132014","1"
"809","JEFFERSON","1420","JEFFERSON COUNTY R-1","5623","Longview High School","20162017","0.47826086956521702"
"810","JEFFERSON","1420","JEFFERSON COUNTY R-1","5623","Longview High School","20152016","0.62962962962962898"
"811","JEFFERSON","1420","JEFFERSON COUNTY R-1","5623","Longview High School","20142015","0.76470588235294101"
"812","JEFFERSON","1420","JEFFERSON COUNTY R-1","5623","Longview High School","20132014","0.8125"
"813","JEFFERSON","1420","JEFFERSON COUNTY R-1","5892","Miller Special Education","20162017","0"
"814","JEFFERSON","1420","JEFFERSON COUNTY R-1","5892","Miller Special Education","20152016","0.25"
"815","JEFFERSON","1420","JEFFERSON COUNTY R-1","5892","Miller Special Education","20142015","0"
"816","JEFFERSON","1420","JEFFERSON COUNTY R-1","5892","Miller Special Education","20132014","1"
"817","JEFFERSON","1420","JEFFERSON COUNTY R-1","6237","New America School","20162017","0.18181818181818099"
"818","JEFFERSON","1420","JEFFERSON COUNTY R-1","6237","New America School","20152016","0.33333333333333298"
"819","JEFFERSON","1420","JEFFERSON COUNTY R-1","6237","New America School","20142015","0.29464285714285698"
"820","JEFFERSON","1420","JEFFERSON COUNTY R-1","6237","New America School","20132014","0.28467153284671498"
"821","JEFFERSON","1420","JEFFERSON COUNTY R-1","6541","Jefferson County Open Secondary","20162017","0.407407407407407"
"822","JEFFERSON","1420","JEFFERSON COUNTY R-1","6541","Jefferson County Open Secondary","20152016","0.82608695652173902"
"823","JEFFERSON","1420","JEFFERSON COUNTY R-1","6541","Jefferson County Open Secondary","20142015","0.81132075471698095"
"824","JEFFERSON","1420","JEFFERSON COUNTY R-1","6541","Jefferson County Open Secondary","20132014","0.81632653061224403"
"825","JEFFERSON","1420","JEFFERSON COUNTY R-1","7114","Pomona High School","20162017","0.89090909090908998"
"826","JEFFERSON","1420","JEFFERSON COUNTY R-1","7114","Pomona High School","20152016","0.92105263157894701"
"827","JEFFERSON","1420","JEFFERSON COUNTY R-1","7114","Pomona High School","20142015","0.92553191489361697"
"828","JEFFERSON","1420","JEFFERSON COUNTY R-1","7114","Pomona High School","20132014","0.936746987951807"
"829","JEFFERSON","1420","JEFFERSON COUNTY R-1","7239","Ralston Valley Senior High School","20162017","0.96235294117646997"
"830","JEFFERSON","1420","JEFFERSON COUNTY R-1","7239","Ralston Valley Senior High School","20152016","0.97260273972602695"
"831","JEFFERSON","1420","JEFFERSON COUNTY R-1","7239","Ralston Valley Senior High School","20142015","0.97129186602870798"
"832","JEFFERSON","1420","JEFFERSON COUNTY R-1","7239","Ralston Valley Senior High School","20132014","0.96173469387755095"
"833","JEFFERSON","1420","JEFFERSON COUNTY R-1","7701","Collegiate Academy Of Colorado","20162017","0.71428571428571397"
"834","JEFFERSON","1420","JEFFERSON COUNTY R-1","7701","Collegiate Academy Of Colorado","20152016","0.83333333333333304"
"835","JEFFERSON","1420","JEFFERSON COUNTY R-1","7701","Collegiate Academy Of Colorado","20142015","0.96428571428571397"
"836","JEFFERSON","1420","JEFFERSON COUNTY R-1","7701","Collegiate Academy Of Colorado","20132014","0.84615384615384603"
"837","JEFFERSON","1420","JEFFERSON COUNTY R-1","8036","Sobesky Academy","20162017","0.27272727272727199"
"838","JEFFERSON","1420","JEFFERSON COUNTY R-1","8036","Sobesky Academy","20152016","0.625"
"839","JEFFERSON","1420","JEFFERSON COUNTY R-1","8036","Sobesky Academy","20142015","0.5"
"840","JEFFERSON","1420","JEFFERSON COUNTY R-1","8036","Sobesky Academy","20132014","0.5"
"841","JEFFERSON","1420","JEFFERSON COUNTY R-1","8209","Standley Lake High School","20162017","0.88405797101449202"
"842","JEFFERSON","1420","JEFFERSON COUNTY R-1","8209","Standley Lake High School","20152016","0.87197231833910005"
"843","JEFFERSON","1420","JEFFERSON COUNTY R-1","8209","Standley Lake High School","20142015","0.90214067278287402"
"844","JEFFERSON","1420","JEFFERSON COUNTY R-1","8209","Standley Lake High School","20132014","0.92024539877300604"
"845","JEFFERSON","1420","JEFFERSON COUNTY R-1","8793","Two Roads Charter School","20162017","0.72"
"846","JEFFERSON","1420","JEFFERSON COUNTY R-1","8793","Two Roads Charter School","20152016","0.87878787878787801"
"847","JEFFERSON","1420","JEFFERSON COUNTY R-1","8793","Two Roads Charter School","20142015","0.96875"
"848","JEFFERSON","1420","JEFFERSON COUNTY R-1","8793","Two Roads Charter School","20132014","0.94117647058823495"
"849","JEFFERSON","1420","JEFFERSON COUNTY R-1","9234","Warren Tech Central","20162017","0"
"850","JEFFERSON","1420","JEFFERSON COUNTY R-1","9234","Warren Tech Central","20152016","0"
"851","JEFFERSON","1420","JEFFERSON COUNTY R-1","9234","Warren Tech Central","20142015","0"
"852","JEFFERSON","1420","JEFFERSON COUNTY R-1","9234","Warren Tech Central","20132014","0"
"853","JEFFERSON","1420","JEFFERSON COUNTY R-1","9245","Warren Tech North","20162017","0"
"854","JEFFERSON","1420","JEFFERSON COUNTY R-1","9245","Warren Tech North","20152016","0"
"855","JEFFERSON","1420","JEFFERSON COUNTY R-1","9245","Warren Tech North","20142015","0"
"856","JEFFERSON","1420","JEFFERSON COUNTY R-1","9245","Warren Tech North","20132014","0"
"857","JEFFERSON","1420","JEFFERSON COUNTY R-1","9510","Wheat Ridge High School","20162017","0.83941605839416"
"858","JEFFERSON","1420","JEFFERSON COUNTY R-1","9510","Wheat Ridge High School","20152016","0.81318681318681296"
"859","JEFFERSON","1420","JEFFERSON COUNTY R-1","9510","Wheat Ridge High School","20142015","0.88"
"860","JEFFERSON","1420","JEFFERSON COUNTY R-1","9510","Wheat Ridge High School","20132014","0.87333333333333296"
"861","JEFFERSON","1420","JEFFERSON COUNTY R-1","9998","DISTRICT TOTAL","20162017","0.83474443399184595"
"862","JEFFERSON","1420","JEFFERSON COUNTY R-1","9998","DISTRICT TOTAL","20152016","0.86834342493401595"
"863","JEFFERSON","1420","JEFFERSON COUNTY R-1","9998","DISTRICT TOTAL","20142015","0.88153417878131701"
"864","JEFFERSON","1420","JEFFERSON COUNTY R-1","9998","DISTRICT TOTAL","20132014","0.88467589679043401"
