"","geo_id","nhid","nhname","county","tract_num","avgcommute"
"1",8001007801,283,"Montview Park"," Adams County",7801,33
"2",8001007802,283,"Montview Park"," Adams County",7802,30
"3",8001007900,283,"Montview Park"," Adams County",7900,30
"4",8001008000,283,"Montview Park"," Adams County",8000,30
"5",8001008100,283,"Montview Park"," Adams County",8100,20
"6",8001008200,285,"North Aurora"," Adams County",8200,24
"7",8001008308,285,"North Aurora"," Adams County",8308,31
"8",8001008309,285,"North Aurora"," Adams County",8309,24
"9",8001008353,285,"North Aurora"," Adams County",8353,32
"10",8001008401,105,"Northeast Adams"," Adams County",8401,34
"11",8001008402,105,"Northeast Adams"," Adams County",8402,35
"12",8001008505,113,"Central Northglenn"," Adams County",8505,33
"13",8001008506,113,"Central Northglenn"," Adams County",8506,28
"14",8001008507,100,"Wyco Park"," Adams County",8507,28
"15",8001008508,280,"North Thornton"," Adams County",8508,32
"16",8001008523,200,"Barr Lake State Park"," Adams County",8523,32
"17",8001008524,279,"Todd Creek and East Thornton"," Adams County",8524,30
"18",8001008526,280,"North Thornton"," Adams County",8526,31
"19",8001008529,280,"North Thornton"," Adams County",8529,30
"20",8001008533,278,"Riverdale Park and South Thornton"," Adams County",8533,33
"21",8001008534,278,"Riverdale Park and South Thornton"," Adams County",8534,28
"22",8001008535,199,"Central Commerce City"," Adams County",8535,28
"23",8001008536,200,"Barr Lake State Park"," Adams County",8536,30
"24",8001008537,199,"Central Commerce City"," Adams County",8537,31
"25",8001008538,200,"Barr Lake State Park"," Adams County",8538,30
"26",8001008539,199,"Central Commerce City"," Adams County",8539,32
"27",8001008540,279,"Todd Creek and East Thornton"," Adams County",8540,33
"28",8001008541,279,"Todd Creek and East Thornton"," Adams County",8541,35
"29",8001008542,108,"East Brighton"," Adams County",8542,32
"30",8001008543,109,"Benedict Park"," Adams County",8543,28
"31",8001008544,280,"North Thornton"," Adams County",8544,30
"32",8001008545,280,"North Thornton"," Adams County",8545,28
"33",8001008546,279,"Todd Creek and East Thornton"," Adams County",8546,30
"34",8001008547,279,"Todd Creek and East Thornton"," Adams County",8547,30
"35",8001008548,279,"Todd Creek and East Thornton"," Adams County",8548,35
"36",8001008549,279,"Todd Creek and East Thornton"," Adams County",8549,35
"37",8001008550,279,"Todd Creek and East Thornton"," Adams County",8550,31
"38",8001008551,279,"Todd Creek and East Thornton"," Adams County",8551,35
"39",8001008603,110,"West Brighton"," Adams County",8603,24
"40",8001008604,110,"West Brighton"," Adams County",8604,25
"41",8001008605,109,"Benedict Park"," Adams County",8605,25
"42",8001008606,110,"West Brighton"," Adams County",8606,24
"43",8001008705,198,"South Commerce City"," Adams County",8705,21
"44",8001008706,198,"South Commerce City"," Adams County",8706,27
"45",8001008709,198,"South Commerce City"," Adams County",8709,29
"46",8001008801,197,"Derby"," Adams County",8801,26
"47",8001008802,197,"Derby"," Adams County",8802,27
"48",8001008901,198,"South Commerce City"," Adams County",8901,25
"49",8001009001,277,"Southwest Thornton"," Adams County",9001,26
"50",8001009002,101,"Welby and East North Washington"," Adams County",9002,28
"51",8001009101,277,"Southwest Thornton"," Adams County",9101,26
"52",8001009103,278,"Riverdale Park and South Thornton"," Adams County",9103,28
"53",8001009104,278,"Riverdale Park and South Thornton"," Adams County",9104,30
"54",8001009202,277,"Southwest Thornton"," Adams County",9202,30
"55",8001009203,277,"Southwest Thornton"," Adams County",9203,23
"56",8001009204,278,"Riverdale Park and South Thornton"," Adams County",9204,30
"57",8001009206,278,"Riverdale Park and South Thornton"," Adams County",9206,30
"58",8001009207,278,"Riverdale Park and South Thornton"," Adams County",9207,29
"59",8001009304,113,"Central Northglenn"," Adams County",9304,27
"60",8001009306,103,"Federal Heights"," Adams County",9306,24
"61",8001009307,277,"Southwest Thornton"," Adams County",9307,27
"62",8001009308,103,"Federal Heights"," Adams County",9308,30
"63",8001009309,107,"South Westminster"," Adams County",9309,28
"64",8001009310,103,"Federal Heights"," Adams County",9310,24
"65",8001009316,103,"Federal Heights"," Adams County",9316,29
"66",8001009318,277,"Southwest Thornton"," Adams County",9318,34
"67",8001009319,103,"Federal Heights"," Adams County",9319,28
"68",8001009320,103,"Federal Heights"," Adams County",9320,28
"69",8001009321,103,"Federal Heights"," Adams County",9321,29
"70",8001009322,281,"Federal Heights North"," Adams County",9322,29
"71",8001009323,113,"Central Northglenn"," Adams County",9323,27
"72",8001009325,112,"Big Dry Creek"," Adams County",9325,24
"73",8001009326,99,"North Central Westminster"," Adams County",9326,29
"74",8001009327,301,"West Northglenn"," Adams County",9327,25
"75",8001009401,107,"South Westminster"," Adams County",9401,28
"76",8001009406,106,"Westminster Center Park"," Adams County",9406,23
"77",8001009407,107,"South Westminster"," Adams County",9407,28
"78",8001009408,99,"North Central Westminster"," Adams County",9408,25
"79",8001009409,99,"North Central Westminster"," Adams County",9409,27
"80",8001009410,99,"North Central Westminster"," Adams County",9410,30
"81",8001009411,106,"Westminster Center Park"," Adams County",9411,24
"82",8001009501,107,"South Westminster"," Adams County",9501,33
"83",8001009502,102,"Twin Lakes"," Adams County",9502,25
"84",8001009553,102,"Twin Lakes"," Adams County",9553,25
"85",8001009603,107,"South Westminster"," Adams County",9603,28
"86",8001009604,107,"South Westminster"," Adams County",9604,22
"87",8001009606,102,"Twin Lakes"," Adams County",9606,30
"88",8001009607,102,"Twin Lakes"," Adams County",9607,28
"89",8001009608,102,"Twin Lakes"," Adams County",9608,27
"90",8001009751,102,"Twin Lakes"," Adams County",9751,28
"91",8001009752,102,"Twin Lakes"," Adams County",9752,27
"92",8001015000,101,"Welby and East North Washington"," Adams County",15000,35
"93",8001060000,280,"North Thornton"," Adams County",60000,29
"94",8001060100,111,"Quail Crossing Park"," Adams County",60100,28
"95",8001060200,112,"Big Dry Creek"," Adams County",60200,28
"96",8001061200,280,"North Thornton"," Adams County",61200,32
"97",8001988700,313,"Rocky Mountain Arsenal"," Adams County",988700,NA
"98",8003960000,NA,NA,NA,NA,NA
"99",8003960100,NA,NA,NA,NA,NA
"100",8003960200,NA,NA,NA,NA,NA
"101",8003960300,NA,NA,NA,NA,NA
"102",8005004951,89,"Glendale"," Arapahoe County",4951,27
"103",8005004952,89,"Glendale"," Arapahoe County",4952,25
"104",8005005551,282,"Sheridan"," Arapahoe County",5551,26
"105",8005005552,282,"Sheridan"," Arapahoe County",5552,26
"106",8005005553,270,"Littleton North"," Arapahoe County",5553,33
"107",8005005611,305,"Dekoevend Park"," Arapahoe County",5611,25
"108",8005005612,303,"Greenwood Village"," Arapahoe County",5612,23
"109",8005005614,128,"West Centennial"," Arapahoe County",5614,23
"110",8005005619,269,"Bowels Grove Park"," Arapahoe County",5619,28
"111",8005005620,116,"S Federal Blvd and W Belleview Ave"," Arapahoe County",5620,28
"112",8005005621,79,"East Columbine"," Arapahoe County",5621,25
"113",8005005622,275,"Southwest Littleton"," Arapahoe County",5622,26
"114",8005005623,274,"Central south Littleton"," Arapahoe County",5623,26
"115",8005005624,274,"Central south Littleton"," Arapahoe County",5624,27
"116",8005005625,305,"Dekoevend Park"," Arapahoe County",5625,22
"117",8005005626,305,"Dekoevend Park"," Arapahoe County",5626,24
"118",8005005627,128,"West Centennial"," Arapahoe County",5627,27
"119",8005005628,128,"West Centennial"," Arapahoe County",5628,21
"120",8005005629,128,"West Centennial"," Arapahoe County",5629,28
"121",8005005630,128,"West Centennial"," Arapahoe County",5630,24
"122",8005005631,128,"West Centennial"," Arapahoe County",5631,30
"123",8005005632,128,"West Centennial"," Arapahoe County",5632,23
"124",8005005633,276,"South Littleton"," Arapahoe County",5633,23
"125",8005005634,276,"South Littleton"," Arapahoe County",5634,25
"126",8005005635,128,"West Centennial"," Arapahoe County",5635,24
"127",8005005636,303,"Greenwood Village"," Arapahoe County",5636,20
"128",8005005700,304,"Englewood"," Arapahoe County",5700,25
"129",8005005800,304,"Englewood"," Arapahoe County",5800,25
"130",8005005951,304,"Englewood"," Arapahoe County",5951,27
"131",8005005952,304,"Englewood"," Arapahoe County",5952,24
"132",8005006000,304,"Englewood"," Arapahoe County",6000,25
"133",8005006100,304,"Englewood"," Arapahoe County",6100,27
"134",8005006200,270,"Littleton North"," Arapahoe County",6200,23
"135",8005006300,304,"Englewood"," Arapahoe County",6300,26
"136",8005006400,304,"Englewood"," Arapahoe County",6400,28
"137",8005006501,271,"City Hall"," Arapahoe County",6501,21
"138",8005006502,272,"Sterne Park and Slaughterhouse Gulch Park"," Arapahoe County",6502,28
"139",8005006601,273,"Northeast Littleton"," Arapahoe County",6601,24
"140",8005006603,273,"Northeast Littleton"," Arapahoe County",6603,27
"141",8005006604,273,"Northeast Littleton"," Arapahoe County",6604,21
"142",8005006704,302,"Cherry Hills Village"," Arapahoe County",6704,20
"143",8005006705,302,"Cherry Hills Village"," Arapahoe County",6705,22
"144",8005006706,128,"West Centennial"," Arapahoe County",6706,21
"145",8005006707,128,"West Centennial"," Arapahoe County",6707,23
"146",8005006708,128,"West Centennial"," Arapahoe County",6708,24
"147",8005006709,128,"West Centennial"," Arapahoe County",6709,23
"148",8005006711,128,"West Centennial"," Arapahoe County",6711,22
"149",8005006712,303,"Greenwood Village"," Arapahoe County",6712,20
"150",8005006713,303,"Greenwood Village"," Arapahoe County",6713,20
"151",8005006808,125,"Cherry Creek Reservoir"," Arapahoe County",6808,23
"152",8005006815,122,"Centennial Airport"," Arapahoe County",6815,18
"153",8005006854,125,"Cherry Creek Reservoir"," Arapahoe County",6854,24
"154",8005006855,126,"Northeast Centennial"," Arapahoe County",6855,24
"155",8005006856,122,"Centennial Airport"," Arapahoe County",6856,22
"156",8005006857,125,"Cherry Creek Reservoir"," Arapahoe County",6857,22
"157",8005006858,122,"Centennial Airport"," Arapahoe County",6858,23
"158",8005007101,115,"East Arapaphoe"," Arapahoe County",7101,37
"159",8005007103,115,"East Arapaphoe"," Arapahoe County",7103,36
"160",8005007104,129,"Southeast Aurora"," Arapahoe County",7104,23
"161",8005007105,288,"Central East Aurora"," Arapahoe County",7105,32
"162",8005007106,129,"Southeast Aurora"," Arapahoe County",7106,31
"163",8005007107,155,"Heritage Eagle Bend"," Arapahoe County",7107,29
"164",8005007201,152,"Exposition Park and Aurora Hills"," Arapahoe County",7201,35
"165",8005007202,284,"Delmar Parkway"," Arapahoe County",7202,35
"166",8005007301,284,"Delmar Parkway"," Arapahoe County",7301,29
"167",8005007302,284,"Delmar Parkway"," Arapahoe County",7302,35
"168",8005007400,284,"Delmar Parkway"," Arapahoe County",7400,29
"169",8005007500,284,"Delmar Parkway"," Arapahoe County",7500,29
"170",8005007600,284,"Delmar Parkway"," Arapahoe County",7600,28
"171",8005007702,152,"Exposition Park and Aurora Hills"," Arapahoe County",7702,30
"172",8005007703,152,"Exposition Park and Aurora Hills"," Arapahoe County",7703,31
"173",8005007704,152,"Exposition Park and Aurora Hills"," Arapahoe County",7704,33
"174",8005015100,83,"Holly Hills"," Arapahoe County",15100,23
"175",8005080000,152,"Exposition Park and Aurora Hills"," Arapahoe County",80000,29
"176",8005080100,152,"Exposition Park and Aurora Hills"," Arapahoe County",80100,28
"177",8005080200,153,"Utah Park"," Arapahoe County",80200,25
"178",8005080300,153,"Utah Park"," Arapahoe County",80300,24
"179",8005080400,153,"Utah Park"," Arapahoe County",80400,27
"180",8005080500,153,"Utah Park"," Arapahoe County",80500,22
"181",8005080600,153,"Utah Park"," Arapahoe County",80600,24
"182",8005080700,153,"Utah Park"," Arapahoe County",80700,27
"183",8005080800,152,"Exposition Park and Aurora Hills"," Arapahoe County",80800,27
"184",8005080900,152,"Exposition Park and Aurora Hills"," Arapahoe County",80900,29
"185",8005081000,152,"Exposition Park and Aurora Hills"," Arapahoe County",81000,25
"186",8005081100,152,"Exposition Park and Aurora Hills"," Arapahoe County",81100,30
"187",8005081200,153,"Utah Park"," Arapahoe County",81200,25
"188",8005081300,153,"Utah Park"," Arapahoe County",81300,35
"189",8005081400,153,"Utah Park"," Arapahoe County",81400,25
"190",8005081500,154,"Olympic Park"," Arapahoe County",81500,23
"191",8005081600,154,"Olympic Park"," Arapahoe County",81600,27
"192",8005081700,154,"Olympic Park"," Arapahoe County",81700,30
"193",8005081800,287,"Chambers Heights and Laredo Highline"," Arapahoe County",81800,33
"194",8005081900,91,"Laredo Highline"," Arapahoe County",81900,32
"195",8005082000,152,"Exposition Park and Aurora Hills"," Arapahoe County",82000,28
"196",8005082100,152,"Exposition Park and Aurora Hills"," Arapahoe County",82100,28
"197",8005082200,153,"Utah Park"," Arapahoe County",82200,25
"198",8005082300,154,"Olympic Park"," Arapahoe County",82300,28
"199",8005082400,154,"Olympic Park"," Arapahoe County",82400,29
"200",8005082500,154,"Olympic Park"," Arapahoe County",82500,27
"201",8005082600,152,"Exposition Park and Aurora Hills"," Arapahoe County",82600,28
"202",8005082700,298,"Aurora Highlands and Side Creek"," Arapahoe County",82700,33
"203",8005082800,298,"Aurora Highlands and Side Creek"," Arapahoe County",82800,28
"204",8005082900,298,"Aurora Highlands and Side Creek"," Arapahoe County",82900,34
"205",8005083000,151,"Conservatory"," Arapahoe County",83000,28
"206",8005083100,154,"Olympic Park"," Arapahoe County",83100,30
"207",8005083200,126,"Northeast Centennial"," Arapahoe County",83200,32
"208",8005083300,154,"Olympic Park"," Arapahoe County",83300,29
"209",8005083400,154,"Olympic Park"," Arapahoe County",83400,30
"210",8005083500,154,"Olympic Park"," Arapahoe County",83500,28
"211",8005083600,125,"Cherry Creek Reservoir"," Arapahoe County",83600,29
"212",8005083700,126,"Northeast Centennial"," Arapahoe County",83700,27
"213",8005083800,154,"Olympic Park"," Arapahoe County",83800,27
"214",8005083900,154,"Olympic Park"," Arapahoe County",83900,27
"215",8005084000,150,"Mission Viejo"," Arapahoe County",84000,28
"216",8005084100,156,"Summer Valley Park"," Arapahoe County",84100,30
"217",8005084200,156,"Summer Valley Park"," Arapahoe County",84200,30
"218",8005084300,156,"Summer Valley Park"," Arapahoe County",84300,31
"219",8005084400,156,"Summer Valley Park"," Arapahoe County",84400,29
"220",8005084500,154,"Olympic Park"," Arapahoe County",84500,35
"221",8005084600,154,"Olympic Park"," Arapahoe County",84600,31
"222",8005084700,150,"Mission Viejo"," Arapahoe County",84700,26
"223",8005084800,126,"Northeast Centennial"," Arapahoe County",84800,32
"224",8005084900,154,"Olympic Park"," Arapahoe County",84900,31
"225",8005085000,126,"Northeast Centennial"," Arapahoe County",85000,24
"226",8005085100,126,"Northeast Centennial"," Arapahoe County",85100,27
"227",8005085200,126,"Northeast Centennial"," Arapahoe County",85200,28
"228",8005085300,155,"Heritage Eagle Bend"," Arapahoe County",85300,32
"229",8005085400,126,"Northeast Centennial"," Arapahoe County",85400,30
"230",8005085500,126,"Northeast Centennial"," Arapahoe County",85500,30
"231",8005085600,126,"Northeast Centennial"," Arapahoe County",85600,28
"232",8005085700,156,"Summer Valley Park"," Arapahoe County",85700,33
"233",8005085800,126,"Northeast Centennial"," Arapahoe County",85800,30
"234",8005085900,126,"Northeast Centennial"," Arapahoe County",85900,32
"235",8005086000,155,"Heritage Eagle Bend"," Arapahoe County",86000,32
"236",8005086100,155,"Heritage Eagle Bend"," Arapahoe County",86100,31
"237",8005086200,126,"Northeast Centennial"," Arapahoe County",86200,29
"238",8005086300,122,"Centennial Airport"," Arapahoe County",86300,25
"239",8005086400,127,"Southeast Centennial"," Arapahoe County",86400,26
"240",8005086500,155,"Heritage Eagle Bend"," Arapahoe County",86500,28
"241",8005086600,155,"Heritage Eagle Bend"," Arapahoe County",86600,31
"242",8005086700,155,"Heritage Eagle Bend"," Arapahoe County",86700,34
"243",8005086800,86,"Sullivan"," Arapahoe County",86800,27
"244",8005086900,86,"Sullivan"," Arapahoe County",86900,23
"245",8005087000,153,"Utah Park"," Arapahoe County",87000,23
"246",8005087100,153,"Utah Park"," Arapahoe County",87100,27
"247",8005087200,86,"Sullivan"," Arapahoe County",87200,28
"248",8005087300,86,"Sullivan"," Arapahoe County",87300,28
"249",8007940400,NA,NA,NA,NA,NA
"250",8007974200,NA,NA,NA,NA,NA
"251",8007974300,NA,NA,NA,NA,NA
"252",8007974400,NA,NA,NA,NA,NA
"253",8009964600,NA,NA,NA,NA,NA
"254",8009964700,NA,NA,NA,NA,NA
"255",8011966700,NA,NA,NA,NA,NA
"256",8013012101,308,"Mapleton Hill"," Boulder County",12101,20
"257",8013012102,311,"Old North Boulder"," Boulder County",12102,18
"258",8013012103,157,"Wonderland"," Boulder County",12103,18
"259",8013012104,157,"Wonderland"," Boulder County",12104,23
"260",8013012105,157,"Wonderland"," Boulder County",12105,18
"261",8013012201,307,"Flatirons and Grant"," Boulder County",12201,20
"262",8013012202,309,"Whittier(Boulder County)"," Boulder County",12202,18
"263",8013012203,185,"Kings Ridge"," Boulder County",12203,17
"264",8013012204,309,"Whittier(Boulder County)"," Boulder County",12204,19
"265",8013012300,179,"CU Main Campus"," Boulder County",12300,16
"266",8013012401,310,"University Hills(Boulder County)"," Boulder County",12401,17
"267",8013012501,184,"Southeast Boulder"," Boulder County",12501,21
"268",8013012505,306,"Chautauqua"," Boulder County",12505,21
"269",8013012507,165,"Martin Acres"," Boulder County",12507,20
"270",8013012508,165,"Martin Acres"," Boulder County",12508,20
"271",8013012509,306,"Chautauqua"," Boulder County",12509,22
"272",8013012510,178,"Nederland and Boulder Mountain Park"," Boulder County",12510,26
"273",8013012511,184,"Southeast Boulder"," Boulder County",12511,19
"274",8013012603,184,"Southeast Boulder"," Boulder County",12603,18
"275",8013012605,180,"CU East Campus"," Boulder County",12605,19
"276",8013012607,184,"Southeast Boulder"," Boulder County",12607,16
"277",8013012608,184,"Southeast Boulder"," Boulder County",12608,16
"278",8013012701,181,"West Boulder including Ward and Jamestown"," Boulder County",12701,24
"279",8013012705,187,"Gunbarrel"," Boulder County",12705,19
"280",8013012707,177,"Boulder Municipal Airport"," Boulder County",12707,24
"281",8013012708,187,"Gunbarrel"," Boulder County",12708,19
"282",8013012709,187,"Gunbarrel"," Boulder County",12709,22
"283",8013012710,164,"Louisville"," Boulder County",12710,19
"284",8013012800,160,"West Erie"," Boulder County",12800,26
"285",8013012903,163,"Lafayette"," Boulder County",12903,26
"286",8013012904,163,"Lafayette"," Boulder County",12904,27
"287",8013012905,162,"Southeast Lafayette and Rock Creek Farm Park"," Boulder County",12905,22
"288",8013012907,163,"Lafayette"," Boulder County",12907,25
"289",8013013003,164,"Louisville"," Boulder County",13003,24
"290",8013013004,164,"Louisville"," Boulder County",13004,21
"291",8013013005,164,"Louisville"," Boulder County",13005,22
"292",8013013006,164,"Louisville"," Boulder County",13006,22
"293",8013013201,175,"Longs Peak"," Boulder County",13201,27
"294",8013013202,181,"West Boulder including Ward and Jamestown"," Boulder County",13202,26
"295",8013013205,159,"Niwot"," Boulder County",13205,24
"296",8013013207,188,"McIntosh Park"," Boulder County",13207,24
"297",8013013208,188,"McIntosh Park"," Boulder County",13208,26
"298",8013013210,168,"Kamemoto Park"," Boulder County",13210,25
"299",8013013211,176,"Standley Hill"," Boulder County",13211,21
"300",8013013212,167,"Willow Creek Park"," Boulder County",13212,24
"301",8013013213,158,"Southwest Longmont"," Boulder County",13213,19
"302",8013013302,182,"Roosevelt Park and Sunset Park"," Boulder County",13302,24
"303",8013013305,172,"Garden Acres Park"," Boulder County",13305,24
"304",8013013306,171,"Clark Centennial Park"," Boulder County",13306,25
"305",8013013307,171,"Clark Centennial Park"," Boulder County",13307,27
"306",8013013308,171,"Clark Centennial Park"," Boulder County",13308,24
"307",8013013401,171,"Clark Centennial Park"," Boulder County",13401,20
"308",8013013402,171,"Clark Centennial Park"," Boulder County",13402,22
"309",8013013503,171,"Clark Centennial Park"," Boulder County",13503,23
"310",8013013505,171,"Clark Centennial Park"," Boulder County",13505,26
"311",8013013506,170,"Rough & Ready Park and Stephen Day Park"," Boulder County",13506,27
"312",8013013507,171,"Clark Centennial Park"," Boulder County",13507,25
"313",8013013508,170,"Rough & Ready Park and Stephen Day Park"," Boulder County",13508,26
"314",8013013601,174,"Lyons and Rabbit Mountain"," Boulder County",13601,29
"315",8013013602,173,"Rocky Mountain National Park and Northwest Boulder"," Boulder County",13602,40
"316",8013013701,181,"West Boulder including Ward and Jamestown"," Boulder County",13701,26
"317",8013013702,178,"Nederland and Boulder Mountain Park"," Boulder County",13702,37
"318",8013060600,165,"Martin Acres"," Boulder County",60600,22
"319",8013060700,164,"Louisville"," Boulder County",60700,20
"320",8013060800,162,"Southeast Lafayette and Rock Creek Farm Park"," Boulder County",60800,23
"321",8013060900,163,"Lafayette"," Boulder County",60900,23
"322",8013061300,165,"Martin Acres"," Boulder County",61300,24
"323",8013061400,165,"Martin Acres"," Boulder County",61400,26
"324",8014030000,192,"Lac Amora Park and Zangs Spur Park"," Broomfield County",30000,25
"325",8014030100,193,"Central West Broomfield"," Broomfield County",30100,25
"326",8014030200,192,"Lac Amora Park and Zangs Spur Park"," Broomfield County",30200,31
"327",8014030300,189,"Southeast Broomfield"," Broomfield County",30300,28
"328",8014030400,194,"Central North Broomfield"," Broomfield County",30400,30
"329",8014030500,194,"Central North Broomfield"," Broomfield County",30500,34
"330",8014030600,196,"Northeast Broomfield"," Broomfield County",30600,29
"331",8014030700,189,"Southeast Broomfield"," Broomfield County",30700,33
"332",8014030800,189,"Southeast Broomfield"," Broomfield County",30800,31
"333",8014030900,193,"Central West Broomfield"," Broomfield County",30900,27
"334",8014031000,196,"Northeast Broomfield"," Broomfield County",31000,27
"335",8014031100,247,"Southwest Broomfield"," Broomfield County",31100,23
"336",8014031200,192,"Lac Amora Park and Zangs Spur Park"," Broomfield County",31200,27
"337",8014031300,196,"Northeast Broomfield"," Broomfield County",31300,27
"338",8014031400,196,"Northeast Broomfield"," Broomfield County",31400,28
"339",8014980100,163,"Lafayette"," Broomfield County",980100,NA
"340",8014980200,162,"Southeast Lafayette and Rock Creek Farm Park"," Broomfield County",980200,NA
"341",8014980300,164,"Louisville"," Broomfield County",980300,NA
"342",8015000100,NA,NA,NA,NA,NA
"343",8015000200,NA,NA,NA,NA,NA
"344",8015000300,NA,NA,NA,NA,NA
"345",8015000401,NA,NA,NA,NA,NA
"346",8015000402,NA,NA,NA,NA,NA
"347",8017960600,NA,NA,NA,NA,NA
"348",8019014700,NA,NA,NA,NA,NA
"349",8019014800,NA,NA,NA,NA,NA
"350",8019014900,NA,NA,NA,NA,NA
"351",8021974800,NA,NA,NA,NA,NA
"352",8021974900,NA,NA,NA,NA,NA
"353",8023972600,NA,NA,NA,NA,NA
"354",8023972700,NA,NA,NA,NA,NA
"355",8025969600,NA,NA,NA,NA,NA
"356",8027970100,NA,NA,NA,NA,NA
"357",8029964600,NA,NA,NA,NA,NA
"358",8029964700,NA,NA,NA,NA,NA
"359",8029964800,NA,NA,NA,NA,NA
"360",8029964900,NA,NA,NA,NA,NA
"361",8029965000,NA,NA,NA,NA,NA
"362",8029965100,NA,NA,NA,NA,NA
"363",8029965200,NA,NA,NA,NA,NA
"364",8031000102,8,"Berkeley"," Denver County",102,24
"365",8031000201,11,"Chaffee Park"," Denver County",201,22
"366",8031000202,62,"Sunnyside"," Denver County",202,22
"367",8031000301,8,"Berkeley"," Denver County",301,25
"368",8031000302,75,"West Highland"," Denver County",302,23
"369",8031000303,75,"West Highland"," Denver County",303,25
"370",8031000401,62,"Sunnyside"," Denver County",401,24
"371",8031000402,36,"Highland"," Denver County",402,23
"372",8031000501,56,"Sloan Lake"," Denver County",501,24
"373",8031000502,56,"Sloan Lake"," Denver County",502,25
"374",8031000600,39,"Jefferson Park"," Denver County",600,23
"375",8031000701,74,"West Colfax"," Denver County",701,23
"376",8031000702,74,"West Colfax"," Denver County",702,25
"377",8031000800,61,"Sun Valley"," Denver County",800,28
"378",8031000902,5,"Barnum West"," Denver County",902,26
"379",8031000903,4,"Barnum"," Denver County",903,28
"380",8031000904,68,"Villa Park"," Denver County",904,29
"381",8031000905,68,"Villa Park"," Denver County",905,27
"382",8031001000,67,"Valverde"," Denver County",1000,30
"383",8031001101,62,"Sunnyside"," Denver County",1101,26
"384",8031001102,36,"Highland"," Denver County",1102,22
"385",8031001301,1,"Athmar Park"," Denver County",1301,24
"386",8031001302,1,"Athmar Park"," Denver County",1302,26
"387",8031001401,54,"Ruby Hill"," Denver County",1401,28
"388",8031001402,54,"Ruby Hill"," Denver County",1402,25
"389",8031001403,50,"Overland"," Denver County",1403,26
"390",8031001500,29,"Globeville"," Denver County",1500,24
"391",8031001600,26,"Five Points"," Denver County",1600,24
"392",8031001701,63,"Union Station"," Denver County",1701,20
"393",8031001702,10,"CBD"," Denver County",1702,19
"394",8031001800,41,"Lincoln Park"," Denver County",1800,23
"395",8031001901,41,"Lincoln Park"," Denver County",1901,20
"396",8031001902,2,"Auraria"," Denver County",1902,18
"397",8031002000,16,"Civic Center"," Denver County",2000,19
"398",8031002100,3,"Baker"," Denver County",2100,25
"399",8031002300,77,"Whittier"," Denver County",2300,23
"400",8031002402,26,"Five Points"," Denver County",2402,25
"401",8031002403,26,"Five Points"," Denver County",2403,19
"402",8031002601,47,"North Capitol Hill"," Denver County",2601,26
"403",8031002602,47,"North Capitol Hill"," Denver County",2602,23
"404",8031002701,9,"Capitol Hill"," Denver County",2701,22
"405",8031002702,9,"Capitol Hill"," Denver County",2702,22
"406",8031002703,9,"Capitol Hill"," Denver County",2703,24
"407",8031002801,59,"Speer"," Denver County",2801,23
"408",8031002802,59,"Speer"," Denver County",2802,21
"409",8031002803,59,"Speer"," Denver County",2803,22
"410",8031002901,71,"Washington Park West"," Denver County",2901,25
"411",8031002902,71,"Washington Park West"," Denver County",2902,24
"412",8031003001,51,"Platt Park"," Denver County",3001,20
"413",8031003002,53,"Rosedale"," Denver County",3002,23
"414",8031003003,64,"University"," Denver County",3003,29
"415",8031003004,64,"University"," Denver County",3004,21
"416",8031003101,15,"City Park West"," Denver County",3101,26
"417",8031003102,15,"City Park West"," Denver County",3102,20
"418",8031003201,12,"Cheesman Park"," Denver County",3201,23
"419",8031003202,12,"Cheesman Park"," Denver County",3202,23
"420",8031003203,22,"Country Club"," Denver County",3203,20
"421",8031003300,20,"Congress Park"," Denver County",3300,20
"422",8031003401,70,"Washington Park"," Denver County",3401,22
"423",8031003402,70,"Washington Park"," Denver County",3402,22
"424",8031003500,25,"Elyria Swansea"," Denver County",3500,24
"425",8031003601,18,"Cole"," Denver County",3601,25
"426",8031003602,17,"Clayton"," Denver County",3602,28
"427",8031003603,55,"Skyland"," Denver County",3603,26
"428",8031003701,14,"City Park"," Denver County",3701,22
"429",8031003702,20,"Congress Park"," Denver County",3702,20
"430",8031003703,20,"Congress Park"," Denver County",3703,23
"431",8031003800,13,"Cherry Creek"," Denver County",3800,24
"432",8031003901,7,"Belcaro"," Denver County",3901,19
"433",8031003902,21,"Cory - Merrill"," Denver County",3902,23
"434",8031004002,73,"Wellshire"," Denver County",4002,23
"435",8031004003,65,"University Hills"," Denver County",4003,30
"436",8031004004,58,"Southmoor Park"," Denver County",4004,25
"437",8031004005,66,"University Park"," Denver County",4005,27
"438",8031004006,66,"University Park"," Denver County",4006,21
"439",8031004101,49,"Northeast Park Hill"," Denver County",4101,25
"440",8031004102,49,"Northeast Park Hill"," Denver County",4102,28
"441",8031004103,48,"North Park Hill"," Denver County",4103,24
"442",8031004104,48,"North Park Hill"," Denver County",4104,26
"443",8031004106,60,"Stapleton"," Denver County",4106,25
"444",8031004107,60,"Stapleton"," Denver County",4107,25
"445",8031004201,57,"South Park Hill"," Denver County",4201,23
"446",8031004202,57,"South Park Hill"," Denver County",4202,21
"447",8031004301,31,"Hale"," Denver County",4301,23
"448",8031004302,31,"Hale"," Denver County",4302,23
"449",8031004303,37,"Hilltop"," Denver County",4303,21
"450",8031004304,46,"Montclair"," Denver County",4304,25
"451",8031004306,37,"Hilltop"," Denver County",4306,25
"452",8031004403,24,"East Colfax"," Denver County",4403,27
"453",8031004404,24,"East Colfax"," Denver County",4404,29
"454",8031004405,42,"Lowry Field"," Denver County",4405,25
"455",8031004503,76,"Westwood"," Denver County",4503,32
"456",8031004504,76,"Westwood"," Denver County",4504,28
"457",8031004505,76,"Westwood"," Denver County",4505,28
"458",8031004506,76,"Westwood"," Denver County",4506,26
"459",8031004601,43,"Mar Lee"," Denver County",4601,25
"460",8031004602,43,"Mar Lee"," Denver County",4602,31
"461",8031004603,34,"Harvey Park"," Denver County",4603,29
"462",8031004700,34,"Harvey Park"," Denver County",4700,28
"463",8031004801,35,"Harvey Park South"," Denver County",4801,26
"464",8031005001,72,"Washington Virginia Vale"," Denver County",5001,26
"465",8031005002,72,"Washington Virginia Vale"," Denver County",5002,26
"466",8031005102,69,"Virginia Village"," Denver County",5102,25
"467",8031005104,69,"Virginia Village"," Denver County",5104,25
"468",8031005200,69,"Virginia Village"," Denver County",5200,22
"469",8031005300,65,"University Hills"," Denver County",5300,21
"470",8031005502,27,"Fort Logan"," Denver County",5502,26
"471",8031005503,27,"Fort Logan"," Denver County",5503,29
"472",8031006701,58,"Southmoor Park"," Denver County",6701,19
"473",8031006804,33,"Hampden South"," Denver County",6804,22
"474",8031006809,33,"Hampden South"," Denver County",6809,19
"475",8031006810,33,"Hampden South"," Denver County",6810,23
"476",8031006811,32,"Hampden"," Denver County",6811,25
"477",8031006812,32,"Hampden"," Denver County",6812,22
"478",8031006813,32,"Hampden"," Denver County",6813,24
"479",8031006814,32,"Hampden"," Denver County",6814,26
"480",8031006901,30,"Goldsmith"," Denver County",6901,26
"481",8031007006,40,"Kennedy"," Denver County",7006,28
"482",8031007013,38,"Indian Creek"," Denver County",7013,26
"483",8031007037,78,"Windsor"," Denver County",7037,28
"484",8031007088,78,"Windsor"," Denver County",7088,25
"485",8031007089,78,"Windsor"," Denver County",7089,28
"486",8031008304,45,"Montbello"," Denver County",8304,25
"487",8031008305,45,"Montbello"," Denver County",8305,34
"488",8031008306,45,"Montbello"," Denver County",8306,31
"489",8031008312,45,"Montbello"," Denver County",8312,25
"490",8031008386,45,"Montbello"," Denver County",8386,27
"491",8031008387,45,"Montbello"," Denver County",8387,27
"492",8031008388,28,"Gateway - Green Valley Ranch"," Denver County",8388,26
"493",8031008389,28,"Gateway - Green Valley Ranch"," Denver County",8389,33
"494",8031008390,28,"Gateway - Green Valley Ranch"," Denver County",8390,31
"495",8031008391,28,"Gateway - Green Valley Ranch"," Denver County",8391,36
"496",8031011902,6,"Bear Valley"," Denver County",11902,29
"497",8031011903,6,"Bear Valley"," Denver County",11903,29
"498",8031012001,27,"Fort Logan"," Denver County",12001,30
"499",8031012010,44,"Marston"," Denver County",12010,31
"500",8031012014,44,"Marston"," Denver County",12014,25
"501",8031015300,72,"Washington Virginia Vale"," Denver County",15300,24
"502",8031015400,52,"Regis"," Denver County",15400,24
"503",8031015500,69,"Virginia Village"," Denver County",15500,29
"504",8031015600,19,"College View"," Denver County",15600,34
"505",8031015700,35,"Harvey Park South"," Denver County",15700,28
"506",8031980000,23,"DIA"," Denver County",980000,31
"507",8031980100,45,"Montbello"," Denver County",980100,NA
"508",8033000100,NA,NA,NA,NA,NA
"509",8035013901,207,"Parker"," Douglas County",13901,26
"510",8035013904,205,"Parker North and Parker Heights"," Douglas County",13904,25
"511",8035013905,207,"Parker"," Douglas County",13905,28
"512",8035013907,207,"Parker"," Douglas County",13907,25
"513",8035013908,216,"Pinery Park"," Douglas County",13908,31
"514",8035013909,213,"Lemon Gulch"," Douglas County",13909,31
"515",8035013910,216,"Pinery Park"," Douglas County",13910,29
"516",8035013911,216,"Pinery Park"," Douglas County",13911,30
"517",8035014001,203,"Stonegate"," Douglas County",14001,29
"518",8035014005,203,"Stonegate"," Douglas County",14005,25
"519",8035014006,203,"Stonegate"," Douglas County",14006,29
"520",8035014007,203,"Stonegate"," Douglas County",14007,21
"521",8035014008,203,"Stonegate"," Douglas County",14008,26
"522",8035014009,203,"Stonegate"," Douglas County",14009,27
"523",8035014010,203,"Stonegate"," Douglas County",14010,22
"524",8035014011,214,"Meridian International Business Center"," Douglas County",14011,23
"525",8035014012,213,"Lemon Gulch"," Douglas County",14012,30
"526",8035014013,213,"Lemon Gulch"," Douglas County",14013,31
"527",8035014107,220,"Highlands Ranch West"," Douglas County",14107,27
"528",8035014108,220,"Highlands Ranch West"," Douglas County",14108,24
"529",8035014109,222,"Highlands Ranch Southeast"," Douglas County",14109,25
"530",8035014110,221,"Highlands Ranch East"," Douglas County",14110,26
"531",8035014112,221,"Highlands Ranch East"," Douglas County",14112,23
"532",8035014113,221,"Highlands Ranch East"," Douglas County",14113,24
"533",8035014114,203,"Stonegate"," Douglas County",14114,19
"534",8035014115,221,"Highlands Ranch East"," Douglas County",14115,24
"535",8035014116,203,"Stonegate"," Douglas County",14116,23
"536",8035014122,217,"Castle Pines North"," Douglas County",14122,26
"537",8035014123,219,"Castle Pines Villige"," Douglas County",14123,27
"538",8035014124,220,"Highlands Ranch West"," Douglas County",14124,30
"539",8035014125,217,"Castle Pines North"," Douglas County",14125,28
"540",8035014126,220,"Highlands Ranch West"," Douglas County",14126,30
"541",8035014127,217,"Castle Pines North"," Douglas County",14127,28
"542",8035014128,220,"Highlands Ranch West"," Douglas County",14128,26
"543",8035014129,220,"Highlands Ranch West"," Douglas County",14129,28
"544",8035014130,220,"Highlands Ranch West"," Douglas County",14130,27
"545",8035014131,220,"Highlands Ranch West"," Douglas County",14131,21
"546",8035014132,222,"Highlands Ranch Southeast"," Douglas County",14132,29
"547",8035014133,220,"Highlands Ranch West"," Douglas County",14133,26
"548",8035014134,221,"Highlands Ranch East"," Douglas County",14134,26
"549",8035014135,206,"Highlands"," Douglas County",14135,24
"550",8035014136,221,"Highlands Ranch East"," Douglas County",14136,27
"551",8035014137,221,"Highlands Ranch East"," Douglas County",14137,25
"552",8035014138,221,"Highlands Ranch East"," Douglas County",14138,23
"553",8035014139,221,"Highlands Ranch East"," Douglas County",14139,26
"554",8035014140,221,"Highlands Ranch East"," Douglas County",14140,25
"555",8035014202,204,"East Pike National Forest"," Douglas County",14202,34
"556",8035014203,201,"Roxborough Park"," Douglas County",14203,34
"557",8035014204,208,"East Roxborough Park"," Douglas County",14204,34
"558",8035014300,202,"Pike National Forest"," Douglas County",14300,42
"559",8035014403,209,"Continental Divide Raceway"," Douglas County",14403,31
"560",8035014404,204,"East Pike National Forest"," Douglas County",14404,42
"561",8035014405,218,"Red Hawk and Solitude Colorado"," Douglas County",14405,28
"562",8035014406,218,"Red Hawk and Solitude Colorado"," Douglas County",14406,33
"563",8035014503,218,"Red Hawk and Solitude Colorado"," Douglas County",14503,29
"564",8035014504,215,"Glover"," Douglas County",14504,24
"565",8035014505,215,"Glover"," Douglas County",14505,27
"566",8035014506,209,"Continental Divide Raceway"," Douglas County",14506,35
"567",8035014602,210,"Russellville"," Douglas County",14602,39
"568",8035014603,212,"Mitchell Culch Park"," Douglas County",14603,27
"569",8035014604,211,"Castlewood Ranch"," Douglas County",14604,30
"570",8037000100,NA,NA,NA,NA,NA
"571",8037000200,NA,NA,NA,NA,NA
"572",8037000301,NA,NA,NA,NA,NA
"573",8037000302,NA,NA,NA,NA,NA
"574",8037000401,NA,NA,NA,NA,NA
"575",8037000402,NA,NA,NA,NA,NA
"576",8037000403,NA,NA,NA,NA,NA
"577",8037000501,NA,NA,NA,NA,NA
"578",8037000502,NA,NA,NA,NA,NA
"579",8037000503,NA,NA,NA,NA,NA
"580",8037000600,NA,NA,NA,NA,NA
"581",8037000701,NA,NA,NA,NA,NA
"582",8037000702,NA,NA,NA,NA,NA
"583",8037000703,NA,NA,NA,NA,NA
"584",8039961100,NA,NA,NA,NA,NA
"585",8039961204,NA,NA,NA,NA,NA
"586",8039961205,NA,NA,NA,NA,NA
"587",8039961206,NA,NA,NA,NA,NA
"588",8039961207,NA,NA,NA,NA,NA
"589",8039961208,NA,NA,NA,NA,NA
"590",8039961209,NA,NA,NA,NA,NA
"591",8041000101,NA,NA,NA,NA,NA
"592",8041000102,NA,NA,NA,NA,NA
"593",8041000202,NA,NA,NA,NA,NA
"594",8041000203,NA,NA,NA,NA,NA
"595",8041000301,NA,NA,NA,NA,NA
"596",8041000302,NA,NA,NA,NA,NA
"597",8041000400,NA,NA,NA,NA,NA
"598",8041000500,NA,NA,NA,NA,NA
"599",8041000600,NA,NA,NA,NA,NA
"600",8041000700,NA,NA,NA,NA,NA
"601",8041000800,NA,NA,NA,NA,NA
"602",8041000900,NA,NA,NA,NA,NA
"603",8041001000,NA,NA,NA,NA,NA
"604",8041001101,NA,NA,NA,NA,NA
"605",8041001104,NA,NA,NA,NA,NA
"606",8041001301,NA,NA,NA,NA,NA
"607",8041001302,NA,NA,NA,NA,NA
"608",8041001400,NA,NA,NA,NA,NA
"609",8041001500,NA,NA,NA,NA,NA
"610",8041001600,NA,NA,NA,NA,NA
"611",8041001700,NA,NA,NA,NA,NA
"612",8041001800,NA,NA,NA,NA,NA
"613",8041001900,NA,NA,NA,NA,NA
"614",8041002000,NA,NA,NA,NA,NA
"615",8041002101,NA,NA,NA,NA,NA
"616",8041002102,NA,NA,NA,NA,NA
"617",8041002200,NA,NA,NA,NA,NA
"618",8041002300,NA,NA,NA,NA,NA
"619",8041002400,NA,NA,NA,NA,NA
"620",8041002501,NA,NA,NA,NA,NA
"621",8041002502,NA,NA,NA,NA,NA
"622",8041002700,NA,NA,NA,NA,NA
"623",8041002800,NA,NA,NA,NA,NA
"624",8041002900,NA,NA,NA,NA,NA
"625",8041003000,NA,NA,NA,NA,NA
"626",8041003100,NA,NA,NA,NA,NA
"627",8041003303,NA,NA,NA,NA,NA
"628",8041003305,NA,NA,NA,NA,NA
"629",8041003306,NA,NA,NA,NA,NA
"630",8041003307,NA,NA,NA,NA,NA
"631",8041003308,NA,NA,NA,NA,NA
"632",8041003400,NA,NA,NA,NA,NA
"633",8041003701,NA,NA,NA,NA,NA
"634",8041003702,NA,NA,NA,NA,NA
"635",8041003705,NA,NA,NA,NA,NA
"636",8041003706,NA,NA,NA,NA,NA
"637",8041003707,NA,NA,NA,NA,NA
"638",8041003708,NA,NA,NA,NA,NA
"639",8041003709,NA,NA,NA,NA,NA
"640",8041003801,NA,NA,NA,NA,NA
"641",8041003802,NA,NA,NA,NA,NA
"642",8041003902,NA,NA,NA,NA,NA
"643",8041003905,NA,NA,NA,NA,NA
"644",8041003906,NA,NA,NA,NA,NA
"645",8041003909,NA,NA,NA,NA,NA
"646",8041004008,NA,NA,NA,NA,NA
"647",8041004009,NA,NA,NA,NA,NA
"648",8041004100,NA,NA,NA,NA,NA
"649",8041004200,NA,NA,NA,NA,NA
"650",8041004300,NA,NA,NA,NA,NA
"651",8041004401,NA,NA,NA,NA,NA
"652",8041004402,NA,NA,NA,NA,NA
"653",8041004403,NA,NA,NA,NA,NA
"654",8041004501,NA,NA,NA,NA,NA
"655",8041004502,NA,NA,NA,NA,NA
"656",8041004503,NA,NA,NA,NA,NA
"657",8041004506,NA,NA,NA,NA,NA
"658",8041004507,NA,NA,NA,NA,NA
"659",8041004508,NA,NA,NA,NA,NA
"660",8041004510,NA,NA,NA,NA,NA
"661",8041004511,NA,NA,NA,NA,NA
"662",8041004601,NA,NA,NA,NA,NA
"663",8041004602,NA,NA,NA,NA,NA
"664",8041004603,NA,NA,NA,NA,NA
"665",8041004701,NA,NA,NA,NA,NA
"666",8041004702,NA,NA,NA,NA,NA
"667",8041004703,NA,NA,NA,NA,NA
"668",8041004705,NA,NA,NA,NA,NA
"669",8041004706,NA,NA,NA,NA,NA
"670",8041004800,NA,NA,NA,NA,NA
"671",8041004901,NA,NA,NA,NA,NA
"672",8041004902,NA,NA,NA,NA,NA
"673",8041005000,NA,NA,NA,NA,NA
"674",8041005104,NA,NA,NA,NA,NA
"675",8041005105,NA,NA,NA,NA,NA
"676",8041005106,NA,NA,NA,NA,NA
"677",8041005107,NA,NA,NA,NA,NA
"678",8041005108,NA,NA,NA,NA,NA
"679",8041005109,NA,NA,NA,NA,NA
"680",8041005110,NA,NA,NA,NA,NA
"681",8041005111,NA,NA,NA,NA,NA
"682",8041005201,NA,NA,NA,NA,NA
"683",8041005202,NA,NA,NA,NA,NA
"684",8041005300,NA,NA,NA,NA,NA
"685",8041005400,NA,NA,NA,NA,NA
"686",8041005501,NA,NA,NA,NA,NA
"687",8041005502,NA,NA,NA,NA,NA
"688",8041005601,NA,NA,NA,NA,NA
"689",8041005602,NA,NA,NA,NA,NA
"690",8041005700,NA,NA,NA,NA,NA
"691",8041005800,NA,NA,NA,NA,NA
"692",8041005900,NA,NA,NA,NA,NA
"693",8041006000,NA,NA,NA,NA,NA
"694",8041006100,NA,NA,NA,NA,NA
"695",8041006200,NA,NA,NA,NA,NA
"696",8041006301,NA,NA,NA,NA,NA
"697",8041006302,NA,NA,NA,NA,NA
"698",8041006400,NA,NA,NA,NA,NA
"699",8041006501,NA,NA,NA,NA,NA
"700",8041006502,NA,NA,NA,NA,NA
"701",8041006600,NA,NA,NA,NA,NA
"702",8041006700,NA,NA,NA,NA,NA
"703",8041006801,NA,NA,NA,NA,NA
"704",8041006802,NA,NA,NA,NA,NA
"705",8041006901,NA,NA,NA,NA,NA
"706",8041006902,NA,NA,NA,NA,NA
"707",8041007000,NA,NA,NA,NA,NA
"708",8041007101,NA,NA,NA,NA,NA
"709",8041007102,NA,NA,NA,NA,NA
"710",8041007201,NA,NA,NA,NA,NA
"711",8041007202,NA,NA,NA,NA,NA
"712",8041007300,NA,NA,NA,NA,NA
"713",8041007400,NA,NA,NA,NA,NA
"714",8041007500,NA,NA,NA,NA,NA
"715",8041007601,NA,NA,NA,NA,NA
"716",8041007602,NA,NA,NA,NA,NA
"717",8041007700,NA,NA,NA,NA,NA
"718",8041007800,NA,NA,NA,NA,NA
"719",8041007900,NA,NA,NA,NA,NA
"720",8041008000,NA,NA,NA,NA,NA
"721",8043978100,NA,NA,NA,NA,NA
"722",8043978200,NA,NA,NA,NA,NA
"723",8043978300,NA,NA,NA,NA,NA
"724",8043978400,NA,NA,NA,NA,NA
"725",8043978500,NA,NA,NA,NA,NA
"726",8043978600,NA,NA,NA,NA,NA
"727",8043978800,NA,NA,NA,NA,NA
"728",8043979000,NA,NA,NA,NA,NA
"729",8043979100,NA,NA,NA,NA,NA
"730",8043979200,NA,NA,NA,NA,NA
"731",8043979400,NA,NA,NA,NA,NA
"732",8043980100,NA,NA,NA,NA,NA
"733",8043980200,NA,NA,NA,NA,NA
"734",8043980300,NA,NA,NA,NA,NA
"735",8045951600,NA,NA,NA,NA,NA
"736",8045951701,NA,NA,NA,NA,NA
"737",8045951702,NA,NA,NA,NA,NA
"738",8045951802,NA,NA,NA,NA,NA
"739",8045951803,NA,NA,NA,NA,NA
"740",8045951804,NA,NA,NA,NA,NA
"741",8045951901,NA,NA,NA,NA,NA
"742",8045951902,NA,NA,NA,NA,NA
"743",8045952001,NA,NA,NA,NA,NA
"744",8045952002,NA,NA,NA,NA,NA
"745",8045952100,NA,NA,NA,NA,NA
"746",8047013800,NA,NA,NA,NA,NA
"747",8049000100,NA,NA,NA,NA,NA
"748",8049000201,NA,NA,NA,NA,NA
"749",8049000202,NA,NA,NA,NA,NA
"750",8051963600,NA,NA,NA,NA,NA
"751",8051963700,NA,NA,NA,NA,NA
"752",8051963800,NA,NA,NA,NA,NA
"753",8051963900,NA,NA,NA,NA,NA
"754",8053973100,NA,NA,NA,NA,NA
"755",8055960600,NA,NA,NA,NA,NA
"756",8055960900,NA,NA,NA,NA,NA
"757",8057955600,NA,NA,NA,NA,NA
"758",8059009806,225,"Applewood"," Jefferson County",9806,26
"759",8059009807,264,"Northwest Lakewood"," Jefferson County",9807,23
"760",8059009808,246,"Golden Gate Canyon and Coal Creek Canyon"," Jefferson County",9808,32
"761",8059009815,131,"South Standley Lake"," Jefferson County",9815,27
"762",8059009823,224,"Walnut Grove"," Jefferson County",9823,31
"763",8059009824,224,"Walnut Grove"," Jefferson County",9824,25
"764",8059009827,257,"Oakhurst Park"," Jefferson County",9827,26
"765",8059009828,257,"Oakhurst Park"," Jefferson County",9828,28
"766",8059009829,237,"North StandleyLake Open Space Park"," Jefferson County",9829,24
"767",8059009830,251,"Dover Square Park"," Jefferson County",9830,29
"768",8059009831,251,"Dover Square Park"," Jefferson County",9831,22
"769",8059009832,130,"Far Horizons"," Jefferson County",9832,28
"770",8059009833,141,"Lake Arbor"," Jefferson County",9833,28
"771",8059009834,148,"Pomona"," Jefferson County",9834,30
"772",8059009835,300,"Southwest Standley Lake"," Jefferson County",9835,27
"773",8059009836,140,"Van Aredale and Harvest"," Jefferson County",9836,30
"774",8059009837,137,"Leyden"," Jefferson County",9837,27
"775",8059009838,260,"Westwoods Park"," Jefferson County",9838,32
"776",8059009839,259,"Yankee Doodle Park"," Jefferson County",9839,26
"777",8059009840,259,"Yankee Doodle Park"," Jefferson County",9840,28
"778",8059009841,133,"Northwest Arvada"," Jefferson County",9841,25
"779",8059009842,262,"Long Lake Ranch Park and North Table Mountain"," Jefferson County",9842,31
"780",8059009843,262,"Long Lake Ranch Park and North Table Mountain"," Jefferson County",9843,27
"781",8059009845,230,"Genesee Park"," Jefferson County",9845,29
"782",8059009846,230,"Genesee Park"," Jefferson County",9846,27
"783",8059009847,231,"Bell Park"," Jefferson County",9847,30
"784",8059009848,248,"Elk Meadow Park"," Jefferson County",9848,32
"785",8059009849,227,"Lakota Hills"," Jefferson County",9849,22
"786",8059009850,230,"Genesee Park"," Jefferson County",9850,28
"787",8059009851,139,"Wyndam Park"," Jefferson County",9851,28
"788",8059009852,261,"Ralston"," Jefferson County",9852,24
"789",8059009900,227,"Lakota Hills"," Jefferson County",9900,20
"790",8059010000,227,"Lakota Hills"," Jefferson County",10000,20
"791",8059010100,226,"East Old Golden RD"," Jefferson County",10100,27
"792",8059010205,132,"Sierra Vista"," Jefferson County",10205,27
"793",8059010206,147,"Clubcrest"," Jefferson County",10206,31
"794",8059010208,143,"Hackberry Hill"," Jefferson County",10208,29
"795",8059010209,299,"Highlands"," Jefferson County",10209,31
"796",8059010210,146,"Scenic Heights"," Jefferson County",10210,28
"797",8059010211,258,"Arvada Center"," Jefferson County",10211,33
"798",8059010212,144,"Larmar Heights"," Jefferson County",10212,25
"799",8059010213,145,"Homestead Park and Columbine"," Jefferson County",10213,26
"800",8059010303,133,"Northwest Arvada"," Jefferson County",10303,24
"801",8059010304,134,"Alta Vista and Memorial Park"," Jefferson County",10304,27
"802",8059010305,134,"Alta Vista and Memorial Park"," Jefferson County",10305,24
"803",8059010306,135,"Allendale"," Jefferson County",10306,26
"804",8059010307,135,"Allendale"," Jefferson County",10307,24
"805",8059010308,136,"Skiline"," Jefferson County",10308,25
"806",8059010402,136,"Skiline"," Jefferson County",10402,27
"807",8059010403,228,"Fruitdale"," Jefferson County",10403,22
"808",8059010405,145,"Homestead Park and Columbine"," Jefferson County",10405,27
"809",8059010406,145,"Homestead Park and Columbine"," Jefferson County",10406,26
"810",8059010502,265,"Northeast Lakewood"," Jefferson County",10502,24
"811",8059010503,264,"Northwest Lakewood"," Jefferson County",10503,22
"812",8059010504,264,"Northwest Lakewood"," Jefferson County",10504,22
"813",8059010603,265,"Northeast Lakewood"," Jefferson County",10603,26
"814",8059010604,229,"Apel Bacher Park"," Jefferson County",10604,21
"815",8059010701,265,"Northeast Lakewood"," Jefferson County",10701,24
"816",8059010702,265,"Northeast Lakewood"," Jefferson County",10702,22
"817",8059010801,264,"Northwest Lakewood"," Jefferson County",10801,27
"818",8059010901,264,"Northwest Lakewood"," Jefferson County",10901,25
"819",8059010902,264,"Northwest Lakewood"," Jefferson County",10902,24
"820",8059011000,263,"Charles Whitlock Rec Park and Morse Park"," Jefferson County",11000,26
"821",8059011100,264,"Northwest Lakewood"," Jefferson County",11100,26
"822",8059011202,266,"Okane Park"," Jefferson County",11202,24
"823",8059011300,265,"Northeast Lakewood"," Jefferson County",11300,23
"824",8059011401,265,"Northeast Lakewood"," Jefferson County",11401,31
"825",8059011402,265,"Northeast Lakewood"," Jefferson County",11402,25
"826",8059011550,265,"Northeast Lakewood"," Jefferson County",11550,27
"827",8059011601,266,"Okane Park"," Jefferson County",11601,27
"828",8059011602,266,"Okane Park"," Jefferson County",11602,24
"829",8059011701,268,"South Lakewood"," Jefferson County",11701,25
"830",8059011702,268,"South Lakewood"," Jefferson County",11702,26
"831",8059011708,267,"Hayden Green Mountain Park"," Jefferson County",11708,25
"832",8059011709,268,"South Lakewood"," Jefferson County",11709,30
"833",8059011710,268,"South Lakewood"," Jefferson County",11710,24
"834",8059011711,267,"Hayden Green Mountain Park"," Jefferson County",11711,28
"835",8059011712,267,"Hayden Green Mountain Park"," Jefferson County",11712,26
"836",8059011720,267,"Hayden Green Mountain Park"," Jefferson County",11720,29
"837",8059011721,267,"Hayden Green Mountain Park"," Jefferson County",11721,24
"838",8059011723,267,"Hayden Green Mountain Park"," Jefferson County",11723,23
"839",8059011724,267,"Hayden Green Mountain Park"," Jefferson County",11724,24
"840",8059011725,267,"Hayden Green Mountain Park"," Jefferson County",11725,26
"841",8059011726,223,"Hutchinson Park"," Jefferson County",11726,26
"842",8059011727,268,"South Lakewood"," Jefferson County",11727,24
"843",8059011728,268,"South Lakewood"," Jefferson County",11728,28
"844",8059011729,268,"South Lakewood"," Jefferson County",11729,27
"845",8059011730,268,"South Lakewood"," Jefferson County",11730,30
"846",8059011731,268,"South Lakewood"," Jefferson County",11731,27
"847",8059011732,267,"Hayden Green Mountain Park"," Jefferson County",11732,30
"848",8059011733,267,"Hayden Green Mountain Park"," Jefferson County",11733,23
"849",8059011803,268,"South Lakewood"," Jefferson County",11803,28
"850",8059011804,268,"South Lakewood"," Jefferson County",11804,26
"851",8059011805,266,"Okane Park"," Jefferson County",11805,24
"852",8059011806,266,"Okane Park"," Jefferson County",11806,27
"853",8059011904,242,"Mount Carbon Park and Westgate"," Jefferson County",11904,29
"854",8059011951,268,"South Lakewood"," Jefferson County",11951,29
"855",8059012022,238,"Ken Caryl Ranch"," Jefferson County",12022,26
"856",8059012023,245,"Hine Lake"," Jefferson County",12023,29
"857",8059012024,238,"Ken Caryl Ranch"," Jefferson County",12024,28
"858",8059012026,231,"Bell Park"," Jefferson County",12026,32
"859",8059012027,249,"Mount Falcon Canyon Park"," Jefferson County",12027,34
"860",8059012030,232,"Alder-Three Sisters Park"," Jefferson County",12030,32
"861",8059012031,252,"Shadow Mountain"," Jefferson County",12031,36
"862",8059012032,250,"Berrian Mountain"," Jefferson County",12032,38
"863",8059012033,256,"Meyer Ranch Park"," Jefferson County",12033,37
"864",8059012034,238,"Ken Caryl Ranch"," Jefferson County",12034,34
"865",8059012035,238,"Ken Caryl Ranch"," Jefferson County",12035,31
"866",8059012036,254,"Deer Creek Canyon Park and James Q Newton Park"," Jefferson County",12036,30
"867",8059012037,253,"Pine Junction Area and Kings Valley"," Jefferson County",12037,39
"868",8059012038,243,"Harriman Lake"," Jefferson County",12038,34
"869",8059012039,243,"Harriman Lake"," Jefferson County",12039,28
"870",8059012041,243,"Harriman Lake"," Jefferson County",12041,28
"871",8059012042,243,"Harriman Lake"," Jefferson County",12042,27
"872",8059012043,243,"Harriman Lake"," Jefferson County",12043,30
"873",8059012044,245,"Hine Lake"," Jefferson County",12044,31
"874",8059012045,245,"Hine Lake"," Jefferson County",12045,27
"875",8059012046,245,"Hine Lake"," Jefferson County",12046,29
"876",8059012047,245,"Hine Lake"," Jefferson County",12047,25
"877",8059012048,236,"Clement Park"," Jefferson County",12048,25
"878",8059012049,234,"Bow Mar"," Jefferson County",12049,29
"879",8059012050,234,"Bow Mar"," Jefferson County",12050,29
"880",8059012051,234,"Bow Mar"," Jefferson County",12051,30
"881",8059012052,245,"Hine Lake"," Jefferson County",12052,30
"882",8059012053,244,"Wayside Meadows Park"," Jefferson County",12053,29
"883",8059012054,234,"Bow Mar"," Jefferson County",12054,27
"884",8059012055,244,"Wayside Meadows Park"," Jefferson County",12055,26
"885",8059012057,244,"Wayside Meadows Park"," Jefferson County",12057,28
"886",8059012058,255,"West Pike National Forest"," Jefferson County",12058,40
"887",8059012059,244,"Wayside Meadows Park"," Jefferson County",12059,29
"888",8059012060,244,"Wayside Meadows Park"," Jefferson County",12060,27
"889",8059015800,264,"Northwest Lakewood"," Jefferson County",15800,22
"890",8059015900,242,"Mount Carbon Park and Westgate"," Jefferson County",15900,27
"891",8059060300,257,"Oakhurst Park"," Jefferson County",60300,28
"892",8059060400,257,"Oakhurst Park"," Jefferson County",60400,27
"893",8059060500,138,"Whisper Creek"," Jefferson County",60500,27
"894",8059980000,312,"Federal Center"," Jefferson County",980000,NA
"895",8059980400,242,"Mount Carbon Park and Westgate"," Jefferson County",980400,NA
"896",8061960100,NA,NA,NA,NA,NA
"897",8063962100,NA,NA,NA,NA,NA
"898",8063962200,NA,NA,NA,NA,NA
"899",8063962300,NA,NA,NA,NA,NA
"900",8065961700,NA,NA,NA,NA,NA
"901",8065961900,NA,NA,NA,NA,NA
"902",8067940300,NA,NA,NA,NA,NA
"903",8067940400,NA,NA,NA,NA,NA
"904",8067970600,NA,NA,NA,NA,NA
"905",8067970701,NA,NA,NA,NA,NA
"906",8067970703,NA,NA,NA,NA,NA
"907",8067970704,NA,NA,NA,NA,NA
"908",8067970800,NA,NA,NA,NA,NA
"909",8067970900,NA,NA,NA,NA,NA
"910",8067971000,NA,NA,NA,NA,NA
"911",8067971100,NA,NA,NA,NA,NA
"912",8069000100,NA,NA,NA,NA,NA
"913",8069000201,NA,NA,NA,NA,NA
"914",8069000202,NA,NA,NA,NA,NA
"915",8069000300,NA,NA,NA,NA,NA
"916",8069000401,NA,NA,NA,NA,NA
"917",8069000402,NA,NA,NA,NA,NA
"918",8069000503,NA,NA,NA,NA,NA
"919",8069000504,NA,NA,NA,NA,NA
"920",8069000505,NA,NA,NA,NA,NA
"921",8069000506,NA,NA,NA,NA,NA
"922",8069000600,NA,NA,NA,NA,NA
"923",8069000700,NA,NA,NA,NA,NA
"924",8069000801,NA,NA,NA,NA,NA
"925",8069000802,NA,NA,NA,NA,NA
"926",8069000901,NA,NA,NA,NA,NA
"927",8069000902,NA,NA,NA,NA,NA
"928",8069001003,NA,NA,NA,NA,NA
"929",8069001004,NA,NA,NA,NA,NA
"930",8069001007,NA,NA,NA,NA,NA
"931",8069001008,NA,NA,NA,NA,NA
"932",8069001009,NA,NA,NA,NA,NA
"933",8069001010,NA,NA,NA,NA,NA
"934",8069001104,NA,NA,NA,NA,NA
"935",8069001106,NA,NA,NA,NA,NA
"936",8069001107,NA,NA,NA,NA,NA
"937",8069001109,NA,NA,NA,NA,NA
"938",8069001110,NA,NA,NA,NA,NA
"939",8069001111,NA,NA,NA,NA,NA
"940",8069001112,NA,NA,NA,NA,NA
"941",8069001113,NA,NA,NA,NA,NA
"942",8069001114,NA,NA,NA,NA,NA
"943",8069001301,NA,NA,NA,NA,NA
"944",8069001304,NA,NA,NA,NA,NA
"945",8069001305,NA,NA,NA,NA,NA
"946",8069001306,NA,NA,NA,NA,NA
"947",8069001307,NA,NA,NA,NA,NA
"948",8069001308,NA,NA,NA,NA,NA
"949",8069001601,NA,NA,NA,NA,NA
"950",8069001602,NA,NA,NA,NA,NA
"951",8069001603,NA,NA,NA,NA,NA
"952",8069001605,NA,NA,NA,NA,NA
"953",8069001606,NA,NA,NA,NA,NA
"954",8069001607,NA,NA,NA,NA,NA
"955",8069001608,NA,NA,NA,NA,NA
"956",8069001704,NA,NA,NA,NA,NA
"957",8069001706,NA,NA,NA,NA,NA
"958",8069001707,NA,NA,NA,NA,NA
"959",8069001708,NA,NA,NA,NA,NA
"960",8069001709,NA,NA,NA,NA,NA
"961",8069001804,NA,NA,NA,NA,NA
"962",8069001806,NA,NA,NA,NA,NA
"963",8069001807,NA,NA,NA,NA,NA
"964",8069001808,NA,NA,NA,NA,NA
"965",8069001809,NA,NA,NA,NA,NA
"966",8069001901,NA,NA,NA,NA,NA
"967",8069001902,NA,NA,NA,NA,NA
"968",8069001903,NA,NA,NA,NA,NA
"969",8069002005,NA,NA,NA,NA,NA
"970",8069002007,NA,NA,NA,NA,NA
"971",8069002008,NA,NA,NA,NA,NA
"972",8069002010,NA,NA,NA,NA,NA
"973",8069002011,NA,NA,NA,NA,NA
"974",8069002300,NA,NA,NA,NA,NA
"975",8069002401,NA,NA,NA,NA,NA
"976",8069002402,NA,NA,NA,NA,NA
"977",8069002501,NA,NA,NA,NA,NA
"978",8069002502,NA,NA,NA,NA,NA
"979",8069002503,NA,NA,NA,NA,NA
"980",8069002600,NA,NA,NA,NA,NA
"981",8069002700,NA,NA,NA,NA,NA
"982",8069002801,NA,NA,NA,NA,NA
"983",8069002802,NA,NA,NA,NA,NA
"984",8069002803,NA,NA,NA,NA,NA
"985",8071000100,NA,NA,NA,NA,NA
"986",8071000200,NA,NA,NA,NA,NA
"987",8071000300,NA,NA,NA,NA,NA
"988",8071000400,NA,NA,NA,NA,NA
"989",8071000500,NA,NA,NA,NA,NA
"990",8071000800,NA,NA,NA,NA,NA
"991",8073961700,NA,NA,NA,NA,NA
"992",8073961800,NA,NA,NA,NA,NA
"993",8075965900,NA,NA,NA,NA,NA
"994",8075966000,NA,NA,NA,NA,NA
"995",8075966100,NA,NA,NA,NA,NA
"996",8075966200,NA,NA,NA,NA,NA
"997",8075966300,NA,NA,NA,NA,NA
"998",8075966400,NA,NA,NA,NA,NA
"999",8077000200,NA,NA,NA,NA,NA
"1000",8077000300,NA,NA,NA,NA,NA
"1001",8077000400,NA,NA,NA,NA,NA
"1002",8077000500,NA,NA,NA,NA,NA
"1003",8077000601,NA,NA,NA,NA,NA
"1004",8077000602,NA,NA,NA,NA,NA
"1005",8077000700,NA,NA,NA,NA,NA
"1006",8077000800,NA,NA,NA,NA,NA
"1007",8077000900,NA,NA,NA,NA,NA
"1008",8077001001,NA,NA,NA,NA,NA
"1009",8077001002,NA,NA,NA,NA,NA
"1010",8077001101,NA,NA,NA,NA,NA
"1011",8077001102,NA,NA,NA,NA,NA
"1012",8077001200,NA,NA,NA,NA,NA
"1013",8077001301,NA,NA,NA,NA,NA
"1014",8077001302,NA,NA,NA,NA,NA
"1015",8077001402,NA,NA,NA,NA,NA
"1016",8077001403,NA,NA,NA,NA,NA
"1017",8077001404,NA,NA,NA,NA,NA
"1018",8077001501,NA,NA,NA,NA,NA
"1019",8077001502,NA,NA,NA,NA,NA
"1020",8077001600,NA,NA,NA,NA,NA
"1021",8077001702,NA,NA,NA,NA,NA
"1022",8077001703,NA,NA,NA,NA,NA
"1023",8077001705,NA,NA,NA,NA,NA
"1024",8077001706,NA,NA,NA,NA,NA
"1025",8077001707,NA,NA,NA,NA,NA
"1026",8077001800,NA,NA,NA,NA,NA
"1027",8077001900,NA,NA,NA,NA,NA
"1028",8079973600,NA,NA,NA,NA,NA
"1029",8081000300,NA,NA,NA,NA,NA
"1030",8081000400,NA,NA,NA,NA,NA
"1031",8081000500,NA,NA,NA,NA,NA
"1032",8081000600,NA,NA,NA,NA,NA
"1033",8083941100,NA,NA,NA,NA,NA
"1034",8083969000,NA,NA,NA,NA,NA
"1035",8083969100,NA,NA,NA,NA,NA
"1036",8083969200,NA,NA,NA,NA,NA
"1037",8083969300,NA,NA,NA,NA,NA
"1038",8083969400,NA,NA,NA,NA,NA
"1039",8083969600,NA,NA,NA,NA,NA
"1040",8085966100,NA,NA,NA,NA,NA
"1041",8085966201,NA,NA,NA,NA,NA
"1042",8085966202,NA,NA,NA,NA,NA
"1043",8085966300,NA,NA,NA,NA,NA
"1044",8085966400,NA,NA,NA,NA,NA
"1045",8085966501,NA,NA,NA,NA,NA
"1046",8085966502,NA,NA,NA,NA,NA
"1047",8085966503,NA,NA,NA,NA,NA
"1048",8085966601,NA,NA,NA,NA,NA
"1049",8085966602,NA,NA,NA,NA,NA
"1050",8087000100,NA,NA,NA,NA,NA
"1051",8087000200,NA,NA,NA,NA,NA
"1052",8087000300,NA,NA,NA,NA,NA
"1053",8087000400,NA,NA,NA,NA,NA
"1054",8087000500,NA,NA,NA,NA,NA
"1055",8087000600,NA,NA,NA,NA,NA
"1056",8087000700,NA,NA,NA,NA,NA
"1057",8087000800,NA,NA,NA,NA,NA
"1058",8089968000,NA,NA,NA,NA,NA
"1059",8089968100,NA,NA,NA,NA,NA
"1060",8089968200,NA,NA,NA,NA,NA
"1061",8089968300,NA,NA,NA,NA,NA
"1062",8089968400,NA,NA,NA,NA,NA
"1063",8089968500,NA,NA,NA,NA,NA
"1064",8089968600,NA,NA,NA,NA,NA
"1065",8091967600,NA,NA,NA,NA,NA
"1066",8093000100,NA,NA,NA,NA,NA
"1067",8093000200,NA,NA,NA,NA,NA
"1068",8093000300,NA,NA,NA,NA,NA
"1069",8093000400,NA,NA,NA,NA,NA
"1070",8093000500,NA,NA,NA,NA,NA
"1071",8095967600,NA,NA,NA,NA,NA
"1072",8095967700,NA,NA,NA,NA,NA
"1073",8097000100,NA,NA,NA,NA,NA
"1074",8097000401,NA,NA,NA,NA,NA
"1075",8097000402,NA,NA,NA,NA,NA
"1076",8097000500,NA,NA,NA,NA,NA
"1077",8099000100,NA,NA,NA,NA,NA
"1078",8099000200,NA,NA,NA,NA,NA
"1079",8099000300,NA,NA,NA,NA,NA
"1080",8099000600,NA,NA,NA,NA,NA
"1081",8099000700,NA,NA,NA,NA,NA
"1082",8101000100,NA,NA,NA,NA,NA
"1083",8101000200,NA,NA,NA,NA,NA
"1084",8101000300,NA,NA,NA,NA,NA
"1085",8101000400,NA,NA,NA,NA,NA
"1086",8101000500,NA,NA,NA,NA,NA
"1087",8101000600,NA,NA,NA,NA,NA
"1088",8101000800,NA,NA,NA,NA,NA
"1089",8101000902,NA,NA,NA,NA,NA
"1090",8101000903,NA,NA,NA,NA,NA
"1091",8101000904,NA,NA,NA,NA,NA
"1092",8101000905,NA,NA,NA,NA,NA
"1093",8101001000,NA,NA,NA,NA,NA
"1094",8101001100,NA,NA,NA,NA,NA
"1095",8101001200,NA,NA,NA,NA,NA
"1096",8101001400,NA,NA,NA,NA,NA
"1097",8101001500,NA,NA,NA,NA,NA
"1098",8101001600,NA,NA,NA,NA,NA
"1099",8101001700,NA,NA,NA,NA,NA
"1100",8101001800,NA,NA,NA,NA,NA
"1101",8101001900,NA,NA,NA,NA,NA
"1102",8101002000,NA,NA,NA,NA,NA
"1103",8101002100,NA,NA,NA,NA,NA
"1104",8101002200,NA,NA,NA,NA,NA
"1105",8101002300,NA,NA,NA,NA,NA
"1106",8101002400,NA,NA,NA,NA,NA
"1107",8101002500,NA,NA,NA,NA,NA
"1108",8101002600,NA,NA,NA,NA,NA
"1109",8101002700,NA,NA,NA,NA,NA
"1110",8101002801,NA,NA,NA,NA,NA
"1111",8101002802,NA,NA,NA,NA,NA
"1112",8101002804,NA,NA,NA,NA,NA
"1113",8101002806,NA,NA,NA,NA,NA
"1114",8101002807,NA,NA,NA,NA,NA
"1115",8101002808,NA,NA,NA,NA,NA
"1116",8101002901,NA,NA,NA,NA,NA
"1117",8101002903,NA,NA,NA,NA,NA
"1118",8101002906,NA,NA,NA,NA,NA
"1119",8101002911,NA,NA,NA,NA,NA
"1120",8101002912,NA,NA,NA,NA,NA
"1121",8101002913,NA,NA,NA,NA,NA
"1122",8101002914,NA,NA,NA,NA,NA
"1123",8101002915,NA,NA,NA,NA,NA
"1124",8101002916,NA,NA,NA,NA,NA
"1125",8101002917,NA,NA,NA,NA,NA
"1126",8101002918,NA,NA,NA,NA,NA
"1127",8101003001,NA,NA,NA,NA,NA
"1128",8101003004,NA,NA,NA,NA,NA
"1129",8101003103,NA,NA,NA,NA,NA
"1130",8101003104,NA,NA,NA,NA,NA
"1131",8101003105,NA,NA,NA,NA,NA
"1132",8101003106,NA,NA,NA,NA,NA
"1133",8101003200,NA,NA,NA,NA,NA
"1134",8101003500,NA,NA,NA,NA,NA
"1135",8101003600,NA,NA,NA,NA,NA
"1136",8101980100,NA,NA,NA,NA,NA
"1137",8103951100,NA,NA,NA,NA,NA
"1138",8103951200,NA,NA,NA,NA,NA
"1139",8105976700,NA,NA,NA,NA,NA
"1140",8105976800,NA,NA,NA,NA,NA
"1141",8105977000,NA,NA,NA,NA,NA
"1142",8107000100,NA,NA,NA,NA,NA
"1143",8107000200,NA,NA,NA,NA,NA
"1144",8107000300,NA,NA,NA,NA,NA
"1145",8107000400,NA,NA,NA,NA,NA
"1146",8107000500,NA,NA,NA,NA,NA
"1147",8107000600,NA,NA,NA,NA,NA
"1148",8107000700,NA,NA,NA,NA,NA
"1149",8107000800,NA,NA,NA,NA,NA
"1150",8109977600,NA,NA,NA,NA,NA
"1151",8109977700,NA,NA,NA,NA,NA
"1152",8111972600,NA,NA,NA,NA,NA
"1153",8113968101,NA,NA,NA,NA,NA
"1154",8113968102,NA,NA,NA,NA,NA
"1155",8113968103,NA,NA,NA,NA,NA
"1156",8113968200,NA,NA,NA,NA,NA
"1157",8115968300,NA,NA,NA,NA,NA
"1158",8117000100,NA,NA,NA,NA,NA
"1159",8117000200,NA,NA,NA,NA,NA
"1160",8117000300,NA,NA,NA,NA,NA
"1161",8117000401,NA,NA,NA,NA,NA
"1162",8117000402,NA,NA,NA,NA,NA
"1163",8119010103,NA,NA,NA,NA,NA
"1164",8119010104,NA,NA,NA,NA,NA
"1165",8119010105,NA,NA,NA,NA,NA
"1166",8119010106,NA,NA,NA,NA,NA
"1167",8119010201,NA,NA,NA,NA,NA
"1168",8119010202,NA,NA,NA,NA,NA
"1169",8121924100,NA,NA,NA,NA,NA
"1170",8121924200,NA,NA,NA,NA,NA
"1171",8123000100,NA,NA,NA,NA,NA
"1172",8123000200,NA,NA,NA,NA,NA
"1173",8123000300,NA,NA,NA,NA,NA
"1174",8123000401,NA,NA,NA,NA,NA
"1175",8123000402,NA,NA,NA,NA,NA
"1176",8123000501,NA,NA,NA,NA,NA
"1177",8123000502,NA,NA,NA,NA,NA
"1178",8123000600,NA,NA,NA,NA,NA
"1179",8123000701,NA,NA,NA,NA,NA
"1180",8123000703,NA,NA,NA,NA,NA
"1181",8123000704,NA,NA,NA,NA,NA
"1182",8123000705,NA,NA,NA,NA,NA
"1183",8123000800,NA,NA,NA,NA,NA
"1184",8123000900,NA,NA,NA,NA,NA
"1185",8123001003,NA,NA,NA,NA,NA
"1186",8123001004,NA,NA,NA,NA,NA
"1187",8123001005,NA,NA,NA,NA,NA
"1188",8123001006,NA,NA,NA,NA,NA
"1189",8123001100,NA,NA,NA,NA,NA
"1190",8123001201,NA,NA,NA,NA,NA
"1191",8123001202,NA,NA,NA,NA,NA
"1192",8123001300,NA,NA,NA,NA,NA
"1193",8123001404,NA,NA,NA,NA,NA
"1194",8123001405,NA,NA,NA,NA,NA
"1195",8123001406,NA,NA,NA,NA,NA
"1196",8123001407,NA,NA,NA,NA,NA
"1197",8123001408,NA,NA,NA,NA,NA
"1198",8123001409,NA,NA,NA,NA,NA
"1199",8123001410,NA,NA,NA,NA,NA
"1200",8123001411,NA,NA,NA,NA,NA
"1201",8123001412,NA,NA,NA,NA,NA
"1202",8123001413,NA,NA,NA,NA,NA
"1203",8123001414,NA,NA,NA,NA,NA
"1204",8123001415,NA,NA,NA,NA,NA
"1205",8123001416,NA,NA,NA,NA,NA
"1206",8123001417,NA,NA,NA,NA,NA
"1207",8123001500,NA,NA,NA,NA,NA
"1208",8123001600,NA,NA,NA,NA,NA
"1209",8123001700,NA,NA,NA,NA,NA
"1210",8123001800,NA,NA,NA,NA,NA
"1211",8123001902,NA,NA,NA,NA,NA
"1212",8123001905,NA,NA,NA,NA,NA
"1213",8123001906,NA,NA,NA,NA,NA
"1214",8123001907,NA,NA,NA,NA,NA
"1215",8123001908,NA,NA,NA,NA,NA
"1216",8123002004,NA,NA,NA,NA,NA
"1217",8123002005,NA,NA,NA,NA,NA
"1218",8123002006,NA,NA,NA,NA,NA
"1219",8123002007,NA,NA,NA,NA,NA
"1220",8123002008,NA,NA,NA,NA,NA
"1221",8123002009,NA,NA,NA,NA,NA
"1222",8123002010,NA,NA,NA,NA,NA
"1223",8123002011,NA,NA,NA,NA,NA
"1224",8123002012,NA,NA,NA,NA,NA
"1225",8123002013,NA,NA,NA,NA,NA
"1226",8123002014,NA,NA,NA,NA,NA
"1227",8123002015,NA,NA,NA,NA,NA
"1228",8123002016,NA,NA,NA,NA,NA
"1229",8123002017,NA,NA,NA,NA,NA
"1230",8123002018,NA,NA,NA,NA,NA
"1231",8123002019,NA,NA,NA,NA,NA
"1232",8123002020,NA,NA,NA,NA,NA
"1233",8123002021,NA,NA,NA,NA,NA
"1234",8123002101,NA,NA,NA,NA,NA
"1235",8123002102,NA,NA,NA,NA,NA
"1236",8123002103,NA,NA,NA,NA,NA
"1237",8123002203,NA,NA,NA,NA,NA
"1238",8123002204,NA,NA,NA,NA,NA
"1239",8123002205,NA,NA,NA,NA,NA
"1240",8123002206,NA,NA,NA,NA,NA
"1241",8123002207,NA,NA,NA,NA,NA
"1242",8123002208,NA,NA,NA,NA,NA
"1243",8123002209,NA,NA,NA,NA,NA
"1244",8123002210,NA,NA,NA,NA,NA
"1245",8123002300,NA,NA,NA,NA,NA
"1246",8123002501,NA,NA,NA,NA,NA
"1247",8123002502,NA,NA,NA,NA,NA
"1248",8125963100,NA,NA,NA,NA,NA
"1249",8125963200,NA,NA,NA,NA,NA
